Workbook

Sheet 상품코드_1월
F1: P0000BLA | G1: 지사비즈4종
F2: P00000ZC | G2: 컵비즈왁스묶음(4종)
C3: 도매 | D3: 인증살롱 | E3: 마스터 | F3: P00000YZ | G3: 컵비즈세트 | H3: 할인+증정 | J3: 합계
D4: P00000VS | E4: P00000QE | F4: P00000VM | G4: 묶음할인15% | H4: P0000BET
D5: P00000VR | E5: P00000QD | F5: P00000YS | G5: 스타터키트 | H5: 비즈2종묶음+선샤인증정
A6: 하드왁스 | E6: P0000BLR | F6: P00000YU | G6: 바디스타터키트 | K6: 도매 | L6: 인증살롱/마스터 | N6: 할인 | O6: 세트할인 | P6: 할인+증정 | Q6: 세트묶음할인 | R6: 품목별합계 | S6: 원가
A7: 아이브로우 | B7: P00000HT | C7: 80 | E7: 24 | F7: 1 | J7: =C7+D7+E7+F7+G7+I7+H7 -> 105 | K7: 2102700 | L7: =D7*19200 -> 0 | M7: =E7*19200 -> 460800 | O7: =F7*21040 -> 21040 | R7: =SUM(K7:Q7) -> 2584540 | S7: =(C7+D7+E7+F7+I7+H7+G7)*8655 -> 908775
A8: 하이브리드 | B8: P00000BV | C8: 7 | J8: =C8+D8+E8+F8+G8+I8+H8 -> 7 | K8: =C8*26300 -> 184100 | L8: =D8*19200 -> 0 | M8: =E8*19200 -> 0 | O8: =F8*20000 -> 0 | R8: =SUM(K8:Q8) -> 184100 | S8: =(C8+D8+E8+F8+I8+H8+G8)*8926 -> 62482
A9: 화이트 | B9: P00000CB | C9: 5 | J9: =C9+D9+E9+F9+G9+I9+H9 -> 5 | K9: =C9*26300 -> 131500 | L9: =D9*19200 -> 0 | M9: =E9*19200 -> 0 | O9: =F9*20000 -> 0 | R9: =SUM(K9:Q9) -> 131500 | S9: =(C9+D9+E9+F9+I9+H9+G9)*8926 -> 44630
A10: 슈퍼베리 | B10: P00000BX | C10: 2 | J10: =C10+D10+E10+F10+G10+I10+H10 -> 2 | K10: =C10*26300 -> 52600 | L10: =D10*19200 -> 0 | M10: =E10*19200 -> 0 | O10: =F10*20000 -> 0 | R10: =SUM(K10:Q10) -> 52600 | S10: =(C10+D10+E10+F10+I10+H10+G10)*8926 -> 17852
A11: 루비500g | J11: =C11+D11+E11+F11+G11+I11+H11 -> 0 | K11: =C11*26300 -> 0 | L11: =D11*19200 -> 0 | M11: =E11*19200 -> 0 | O11: =F11*20000 -> 0 | R11: =SUM(K11:Q11) -> 0 | S11: =(C11+D11+E11+G11+F11+I11+H11)*7042 -> 0
A12: 맨니하이브리드 | B12: P00000XE | C12: 12 | J12: =C12+D12+E12+F12+G12+I12+H12 -> 12 | K12: =C12*26300 -> 315600 | O12: =F12*20000 -> 0 | R12: =SUM(K12:Q12) -> 315600 | S12: =(C12+D12+E12+F12+I12+H12+G12)*8926 -> 107112
A13: 비즈하이브리드800 | B13: P0000BIF / P0000BLD / P0000BMJ P0000BMI | J13: =C13+D13+E13+F13+G13+I13+H13 -> 0 | K13: =C13*35500 -> 0 | O13: =F13*27300 -> 0 | R13: =SUM(K13:Q13) -> 0 | S13: =(C13+D13+E13+F13+I13+H13+G13)*14876 -> 0
A14: 비즈라벤다800 | C14: 2 | J14: =C14+D14+E14+F14+G14+I14+H14 -> 2 | K14: =C14*35500 -> 71000 | M14: =E14*33600 -> 0 | P14: =H14*32000 -> 0 | R14: =SUM(K14:Q14) -> 71000 | S14: =(C14+D14+E14+F14+I14+H14+G14)*14065 -> 28130
A15: 비즈로제트800 | C15: 1 | J15: =C15+D15+E15+F15+G15+I15+H15 -> 1 | K15: =C15*35500 -> 35500 | M15: =E15*33600 -> 0 | P15: =H15*32000 -> 0 | R15: =SUM(K15:Q15) -> 35500 | S15: =(C15+D15+E15+F15+I15+H15+G15)*14876 -> 14876
A16: 비즈핑키니800 | C16: 3 | J16: =C16+D16+E16+F16+G16+I16+H16 -> 3 | K16: =C16*40000 -> 120000 | M16: =E16*35500 -> 0 | P16: =H16*32000 -> 0 | R16: =SUM(K16:Q16) -> 120000 | S16: =(C16+D16+E16+F16+I16+H16+G16)*15958 -> 47874
A17: 선샤인비즈 | C17: 30 | E17: 36 | J17: =C17+D17+E17+F17+G17+I17+H17 -> 66 | K17: =C17*30000 -> 900000 | M17: =E17*20000 -> 720000 | N17: =F17*20000 -> 0 | R17: =SUM(K17:Q17) -> 1620000 | S17: =(C17+D17+E17+F17+I17+H17+G17)*13262 -> 875292
A18: 비즈하이브리드5KG | C18: 4 | E18: 2 | J18: =C18+D18+E18+F18+G18+I18+H18 -> 6 | K18: =C18*190000 -> 760000 | M18: =E18*154000 -> 308000 | R18: =SUM(K18:Q18) -> 1068000 | S18: =(C18+D18+E18+F18+I18+H18+G18)*89709 -> 538254
A19: 비즈라벤다5KG | C19: 1 | E19: 1 | J19: =C19+D19+E19+F19+G19+I19+H19 -> 2 | K19: =C19*190000 -> 190000 | M19: =E19*154000 -> 154000 | R19: =SUM(K19:Q19) -> 344000 | S19: =(C19+D19+E19+F19+I19+H19+G19)*85201 -> 170402
A20: 비즈로제트5KG | C20: 4 | J20: =C20+D20+E20+F20+G20+I20+H20 -> 4 | K20: 750000 | M20: =E20*154000 -> 0 | R20: =SUM(K20:Q20) -> 750000 | S20: =(C20+D20+E20+F20+I20+H20+G20)*89709 -> 358836
A21: 비즈핑키니5kg | C21: 4 | E21: 2 | J21: =C21+D21+E21+F21+G21+I21+H21 -> 6 | K21: =C21*206000 -> 824000 | M21: =E21*171000 -> 342000 | R21: =SUM(K21:Q21) -> 1166000 | S21: =(C21+D21+E21+F21+I21+H21+G21)*96471 -> 578826
A22: 데저트500 | J22: =C22+D22+E22+F22+G22+I22+H22 -> 0 | K22: =C22*25000 -> 0 | R22: =SUM(K22:Q22) -> 0 | S22: =(C22+D22+E22+F22+I22+H22+G22)*6110 -> 0
A23: 핑키니500g | J23: =C23+D23+E23+F23+G23+I23+H23 -> 0 | K23: =C23*25000 -> 0 | R23: =SUM(K23:Q23) -> 0 | S23: =(C23+D23+E23+F23+I23+H23+G23)*7100 -> 0
A24: 500g총합계 | C24: =SUM(C7:C23) -> 155 | D24: =SUM(D7:D23) -> 0 | E24: =SUM(E7:E23) -> 65 | F24: =SUM(F7:F23) -> 1 | G24: =SUM(G7:G23) -> 0 | H24: =SUM(H7:H23) -> 0 | I24: =SUM(I7:I23) -> 0 | J24: =SUM(J7:J23) -> 221 | ... S24: =SUM(S7:S23) -> 3753341
A25: 컵비즈왁스(로제트) | B25: P00000ZB | C25: 2 | F25: 1 | J25: =SUM(C25:I25) -> 3 | K25: =C25*6200 -> 12400 | N25: =F25*5580 -> 5580 | O25: =G25*4340 -> 0 | R25: =SUM(K25:Q25) -> 17980 | S25: =(C25+D25+E25+F25+I25+G25+H25)*4151 -> 12453
A26: 컵비즈왁스(라벤다) | C26: 3 | F26: 2 | J26: =SUM(C26:I26) -> 5 | K26: =C26*6200 -> 18600 | N26: =F26*5580 -> 11160 | O26: =G26*4340 -> 0 | R26: =SUM(K26:Q26) -> 29760 | S26: =(C26+D26+E26+F26+I26+G26+H26)*4050 -> 20250
A27: 컵비즈왁스(하이브리드) | C27: 2 | J27: =SUM(C27:I27) -> 2 | K27: =C27*6200 -> 12400 | N27: =F27*5580 -> 0 | O27: =G27*4340 -> 0 | R27: =SUM(K27:Q27) -> 12400 | S27: =(C27+D27+E27+F27+I27+G27+H27)*4151 -> 8302
A28: 컵비즈왁스(핑키니) | C28: 4 | F28: 2 | G28: 2 | J28: =SUM(C28:I28) -> 8 | K28: =C28*6200 -> 24800 | N28: =F28*5580 -> 11160 | O28: =G28*4340 -> 8680 | R28: =SUM(K28:Q28) -> 44640 | S28: =(C28+D28+E28+F28+I28+G28+H28)*4301 -> 34408
A29: 핑키니하드 | B29: P00000UH | C29: 32 | D29: 15 | E29: 74 | F29: 723 | J29: =SUM(C29:I29) -> 844 | K29: =C29*40000 -> 1280000 | L29: =D29*31000 -> 465000 | M29: 2259600 | N29: 24539500 | P29: =H29*34000 -> 0 | R29: =SUM(K29:Q29) -> 28544100 | S29: =(C29+D29+E29+F29+I29+G29+H29)*17852 -> 15067088
A30: 루비1kg | B30: P00000TI | C30: 25 | E30: 111 | F30: 710 | J30: =SUM(C30:I30) -> 846 | K30: 943200 | L30: =D30*27800 -> 0 | M30: 3065000 | N30: 22738860 | P30: =H30*32130 -> 0 | R30: =SUM(K30:Q30) -> 26747060 | S30: =(C30+D30+E30+F30+I30+G30+H30)*15958 -> 13500468
A31: 데저트 | B31: P00000BY | C31: 22 | D31: 1 | E31: 81 | F31: 553 | J31: =SUM(C31:I31) -> 657 | K31: 829800 | L31: =D31*28000 -> 28000 | M31: =E31*27800 -> 2251800 | N31: 17706690 | P31: =H31*32130 -> 0 | R31: =SUM(K31:Q31) -> 20816290 | S31: =(C31+D31+E31+F31+I31+G31+H31)*15958 -> 10484406
A32: 라벤더 | B32: P00000BZ | C32: 8 | E32: 50 | F32: 143 | J32: =SUM(C32:I32) -> 201 | K32: =C32*37800 -> 302400 | L32: =D32*27800 -> 0 | M32: 1390000 | N32: 4560930 | P32: =H32*32130 -> 0 | R32: =SUM(K32:Q32) -> 6253330 | S32: =(C32+D32+E32+F32+I32+G32+H32)*15958 -> 3207558
A33: 로제트 | B33: P00000CH | C33: 11 | D33: 4 | E33: 46 | F33: 252 | G33: 4 | J33: =SUM(C33:I33) -> 317 | K33: =C33*37800 -> 415800 | L33: =D33*28000 -> 112000 | M33: =E33*27800 -> 1278800 | N33: 8092170 | O33: =G33*30240 -> 120960 | P33: =H33*32130 -> 0 | R33: =SUM(K33:Q33) -> 10019730 | S33: =(C33+D33+E33+F33+I33+G33+H33)*16680 -> 5287560
A34: 맨니피코 | B34: P00000CG | C34: 20 | E34: 78 | F34: 324 | J34: =SUM(C34:I34) -> 422 | K34: 754200 | L34: =D34*27800 -> 0 | M34: =E34*27800 -> 2168400 | N34: 10407060 | P34: =H34*32130 -> 0 | R34: =SUM(K34:Q34) -> 13329660 | S34: =(C34+D34+E34+F34+I34+G34+H34)*16680 -> 7038960
A35: 올리브 | B35: P00000CA | C35: 2 | E35: 3 | F35: 76 | J35: =SUM(C35:I35) -> 81 | K35: =C35*37800 -> 75600 | L35: =D35*27800 -> 0 | M35: =E35*27800 -> 83400 | N35: =F35*32130 -> 2441880 | P35: =H35*32130 -> 0 | R35: =SUM(K35:Q35) -> 2600880 | S35: =(C35+D35+E35+F35+I35+G35+H35)*16680 -> 1351080
A36: 바닐라 | B36: P00000BW | C36: 3 | E36: 15 | F36: 48 | J36: =SUM(C36:I36) -> 66 | K36: =C36*37800 -> 113400 | L36: =D36*27800 -> 0 | M36: =E36*27800 -> 417000 | N36: =F36*32130 -> 1542240 | P36: =H36*32130 -> 0 | R36: =SUM(K36:Q36) -> 2072640 | S36: =(C36+D36+E36+F36+I36+G36+H36)*16680 -> 1100880
A37: 소베리 | B37: P00000CI | C37: 10 | E37: 39 | F37: 122 | J37: =SUM(C37:I37) -> 171 | K37: =C37*37800 -> 378000 | L37: =D37*27800 -> 0 | M37: =E37*27800 -> 1084200 | N37: 3901500 | P37: =H37*32130 -> 0 | R37: =SUM(K37:Q37) -> 5363700 | S37: =(C37+D37+E37+F37+I37+G37+H37)*16680 -> 2852280
A38: 아쥴렌 | B38: P00000CE | E38: 4 | F38: 14 | J38: =SUM(C38:I38) -> 18 | K38: =C38*37800 -> 0 | L38: =D38*27800 -> 0 | M38: =E38*27800 -> 111200 | N38: =F38*32130 -> 449820 | P38: =H38*32130 -> 0 | R38: =SUM(K38:Q38) -> 561020 | S38: =(C38+D38+E38+F38+I38+G38+H38)*16680 -> 300240
A39: 액티브골드 | B39: P00000KH | J39: =SUM(C39:I39) -> 0 | K39: =C39*37800 -> 0 | L39: =D39*27800 -> 0 | M39: =E39*27800 -> 0 | N39: =F39*32130 -> 0 | P39: =H39*32130 -> 0 | R39: =SUM(K39:Q39) -> 0 | S39: =(C39+D39+E39+F39+I39+G39+H39)*15688 -> 0
A40: 알로에 | B40: P00000CD | C40: 2 | F40: 86 | J40: =SUM(C40:I40) -> 88 | K40: =C40*37800 -> 75600 | L40: =D40*27800 -> 0 | M40: =E40*27800 -> 0 | N40: 2761650 | P40: =H40*32130 -> 0 | R40: =SUM(K40:Q40) -> 2837250 | S40: =(C40+D40+E40+F40+I40+G40+H40)*15688 -> 1380544
A41: 아프리콧 | B41: P00000CF | C41: 2 | E41: 6 | F41: 72 | J41: =SUM(C41:I41) -> 80 | K41: =C41*37800 -> 75600 | L41: =D41*27800 -> 0 | M41: =E41*27800 -> 166800 | N41: =F41*32130 -> 2313360 | P41: =H41*32130 -> 0 | R41: =SUM(K41:Q41) -> 2555760 | S41: =(C41+D41+E41+F41+I41+G41+H41)*15688 -> 1255040
J42: =SUM(C42:I42) -> 0
J43: =SUM(C43:I43) -> 0 | K43: =C43*36000 -> 0 | L43: =D43*28000 -> 0
A44: 1kg총합계 | C44: =SUM(C29:C43) -> 137 | D44: =SUM(D29:D43) -> 20 | E44: =SUM(E29:E43) -> 507 | F44: =SUM(F29:F43) -> 3123 | G44: =SUM(G29:G43) -> 4 | H44: =SUM(H29:H43) -> 0 | I44: =SUM(I29:I43) -> 0 | J44: =SUM(J29:J43) -> 3791 | K44: =SUM(K25:K43) -> 5311800 | L44: =SUM(L25:L43) -> 605000 | M44: =SUM(M25:M43) -> 14276200 | N44: =SUM(N25:N43) -> 101483560 | O44: =SUM(O25:O43) -> 129640 | P44: =SUM(P25:P43) -> 0 | Q44: =SUM(Q25:Q43) -> 0 | R44: =SUM(R25:R43) -> 121806200 | S44: =SUM(S25:S43) -> 62901517
C45: 도매 | D45: 인증살롱 | E45: 마스터 | F45: 할인행사 | H45: 할인+증정 | J45: 합계
D46: P00000VT | E46: P00000QF | F46: P00000VN | G46: 0.15
A47: 스트립왁스 | F47: P00000YU | G47: 바디스타터키트 | H47: P0000BEU | K47: 도매 | L47: 인증살롱/마스터 | N47: 할인 | O47: 세트할인 | P47: 할인+증정 | R47: 품목별합계 | S47: 원가
A48: S_화이트 | B48: P00000CQ | C48: 24 | E48: 63 | F48: 171 | J48: =SUM(C48:I48) -> 258 | K48: =C48*35700 -> 856800 | L48: =D48*25400 -> 0 | M48: =E48*25400 -> 1600200 | N48: 5034350 | P48: =H48*29500 -> 0 | R48: =SUM(K48:Q48) -> 7491350 | S48: =(C48+D48+E48+F48+I48+H48+G48)*14155 -> 3651990
A49: S_슈퍼베리 | B49: P00000CL | C49: 5 | E49: 29 | F49: 26 | J49: =SUM(C49:I49) -> 60 | K49: 178500 | L49: =D49*25400 -> 0 | M49: =E49*25400 -> 736600 | N49: =F49*29500 -> 767000 | P49: =H49*29500 -> 0 | R49: =SUM(K49:Q49) -> 1682100 | S49: =(C49+D49+E49+F49+I49+H49+G49)*14155 -> 849300
A50: S_로제트 | B50: P00000CO | C50: 3 | E50: 1 | F50: 15 | J50: =SUM(C50:I50) -> 19 | K50: =C50*34700 -> 104100 | L50: =D50*25400 -> 0 | M50: =E50*25400 -> 25400 | N50: =F50*29500 -> 442500 | P50: =H50*29500 -> 0 | R50: =SUM(K50:Q50) -> 572000 | S50: =(C50+D50+E50+F50+I50+H50+G50)*13975 -> 265525
A51: S_맨니피코 | B51: P00000CW | C51: 14 | E51: 7 | F51: 69 | J51: =SUM(C51:I51) -> 90 | K51: =C51*34700 -> 485800 | L51: =D51*25400 -> 0 | M51: =E51*25400 -> 177800 | N51: 2028250 | P51: =H51*29500 -> 0 | R51: =SUM(K51:Q51) -> 2691850 | S51: =(C51+D51+E51+F51+I51+H51+G51)*13975 -> 1257750
A52: S_올리브 | B52: P00000CN | J52: =SUM(C52:I52) -> 0 | K52: =C52*34700 -> 0 | L52: =D52*25400 -> 0 | M52: =E52*25400 -> 0 | N52: =F52*29500 -> 0 | P52: =H52*29500 -> 0 | R52: =SUM(K52:Q52) -> 0 | S52: =(C52+D52+E52+F52+I52+H52+G52)*13975 -> 0
A53: S_바닐라 | B53: P00000CM | C53: 4 | E53: 2 | F53: 19 | G53: 4 | J53: =SUM(C53:I53) -> 29 | K53: =C53*34700 -> 138800 | L53: =D53*25400 -> 0 | M53: =E53*25400 -> 50800 | N53: =F53*29500 -> 560500 | O53: =G53*27760 -> 111040 | P53: =H53*29500 -> 0 | R53: =SUM(K53:Q53) -> 861140 | S53: =(C53+D53+E53+F53+I53+H53+G53)*13975 -> 405275
A54: S_소베리 | B54: P00000CT | C54: 3 | E54: 1 | F54: 35 | J54: =SUM(C54:I54) -> 39 | K54: =C54*34700 -> 104100 | L54: =D54*25400 -> 0 | M54: =E54*25400 -> 25400 | N54: 1028150 | P54: =H54*29500 -> 0 | R54: =SUM(K54:Q54) -> 1157650 | S54: =(C54+D54+E54+F54+I54+H54+G54)*13975 -> 545025
A55: S_아쥴렌 | B55: P00000CU | J55: =SUM(C55:I55) -> 0 | K55: =C55*34700 -> 0 | L55: =D55*25400 -> 0 | M55: =E55*25400 -> 0 | N55: =F55*29500 -> 0 | P55: =H55*29500 -> 0 | R55: =SUM(K55:Q55) -> 0 | S55: =(C55+D55+E55+F55+I55+H55+G55)*13975 -> 0
A56: S_액티브골드 | B56: P00000CP | C56: 4 | E56: 3 | F56: 58 | J56: =SUM(C56:I56) -> 65 | K56: =C56*34700 -> 138800 | L56: =D56*25400 -> 0 | M56: =E56*25400 -> 76200 | N56: =F56*29500 -> 1711000 | P56: =H56*29500 -> 0 | R56: =SUM(K56:Q56) -> 1926000 | S56: =(C56+D56+E56+F56+I56+H56+G56)*13434 -> 873210
A57: S_알로에 | B57: P00000CS | C57: 8 | E57: 1 | F57: 44 | J57: =SUM(C57:I57) -> 53 | K57: =C57*34700 -> 277600 | L57: =D57*25400 -> 0 | M57: =E57*25400 -> 25400 | N57: =F57*29500 -> 1298000 | P57: =H57*29500 -> 0 | R57: =SUM(K57:Q57) -> 1601000 | S57: =(C57+D57+E57+F57+I57+H57+G57)*13975 -> 740675
A58: S_아프리콧 | B58: P00000CR | C58: 3 | E58: 1 | F58: 13 | J58: =SUM(C58:I58) -> 17 | K58: =C58*34700 -> 104100 | L58: =D58*25400 -> 0 | M58: =E58*25400 -> 25400 | N58: =F58*29500 -> 383500 | P58: =H58*29500 -> 0 | R58: =SUM(K58:Q58) -> 513000 | S58: =(C58+D58+E58+F58+I58+H58+G58)*13434 -> 228378
A59: S_소여미 | B59: P00000CV | J59: =SUM(C59:I59) -> 0 | K59: =C59*34700 -> 0 | L59: =D59*25400 -> 0 | M59: =E59*25400 -> 0 | N59: =F59*29500 -> 0 | P59: =H59*29500 -> 0 | R59: =SUM(K59:Q59) -> 0 | S59: =(C59+D59+E59+F59+I59+H59+G59)*13975 -> 0
J60: =SUM(C60:I60) -> 0
A61: 총합계 | C61: =SUM(C48:C60) -> 68 | D61: =SUM(D48:D60) -> 0 | E61: =SUM(E48:E60) -> 108 | F61: =SUM(F48:F60) -> 450 | H61: =SUM(H48:H60) -> 0 | I61: =SUM(I48:I60) -> 0 | J61: =SUM(J48:J60) -> 630 | K61: =SUM(K48:K60) -> 2388600 | L61: =SUM(L48:L60) -> 0 | M61: =SUM(M48:M60) -> 2743200 | N61: =SUM(N48:N60) -> 13253250 | O61: =SUM(O48:O60) -> 111040 | ... S61: =SUM(S48:S60) -> 8817128
C62: 도매 | D62: 인증살롱 | E62: 마스터
D63: P00000VU | E63: P00000QG | F63: 할인행사 | J63: 합계
D64: P00000VV | E64: P00000QH
C65: 5종미니 | D65: P00000WO | E65: P00000UF | F65: P00000YU | G65: 바디스타터키트
D66: P00000XC | E66: P00000WZ
A67: 전후처리제 | I67: 증정 | K67: 도매 | L67: 인증살롱/마스터 | N67: 할인 | O67: 세트할인 | P67: 할인+증정 | R67: 품목별합계 | S67: 원가
A68: 스킨클렌저500 | B68: P00000BP | C68: 96 | D68: 7 | E68: 16 | J68: =SUM(C68:I68) -> 119 | K68: 2416800 | L68: =D68*19200 -> 134400 | M68: =E68*21000 -> 336000 | R68: =SUM(K68:Q68) -> 2887200 | S68: =(C68+D68+E68+F68+I68+G68+H68)*7032 -> 836808
A69: 스킨클렌저1000 | B69: P0000BAJ | E69: 1 | J69: =SUM(C69:I69) -> 1 | K69: =C69*47000 -> 0 | L69: =D69*39600 -> 0 | M69: =E69*39600 -> 39600 | R69: =SUM(K69:Q69) -> 39600 | S69: =(C69+D69+E69+F69+I69+G69+H69)*11631 -> 11631
A70: 프리왁싱오일500 | B70: P00000BQ | C70: 87 | D70: 1 | J70: =SUM(C70:I70) -> 88 | K70: 2556400 | L70: =D70*22400 -> 22400 | M70: =E70*25000 -> 0 | R70: =SUM(K70:Q70) -> 2578800 | S70: =(C70+D70+E70+F70+I70+G70+H70)*8565 -> 753720
A71: 프리1000 | B71: P0000BAJ | E71: 10 | J71: =SUM(C71:I71) -> 10 | K71: =C71*47000 -> 0 | L71: =D71*39600 -> 0 | M71: =E71*39600 -> 396000 | R71: =SUM(K71:Q71) -> 396000 | S71: =(C71+D71+E71+F71+I71+G71+H71)*13073 -> 130730
A72: 티트리퍼팩 | B72: P00000BR | C72: 60 | E72: 3 | J72: =SUM(C72:I72) -> 63 | K72: 1509600 | L72: =D72*21000 -> 0 | M72: =E72*21000 -> 63000 | R72: =SUM(K72:Q72) -> 1572600 | S72: =(C72+D72+E72+F72+I72+G72+H72)*7032 -> 443016
A73: 티트리수드500 | B73: P00000BS | C73: 28 | D73: 1 | J73: =SUM(C73:I73) -> 29 | K73: 821800 | L73: =D73*22400 -> 22400 | M73: =E73*25000 -> 0 | R73: =SUM(K73:Q73) -> 844200 | S73: =(C73+D73+E73+F73+I73+G73+H73)*8565 -> 248385
A74: 티트리수드1000 | B74: P0000BAJ | E74: 1 | J74: =SUM(C74:I74) -> 1 | K74: =C74*47000 -> 0 | L74: =D74*39600 -> 0 | M74: =E74*39600 -> 39600 | R74: =SUM(K74:Q74) -> 39600 | S74: =(C74+D74+E74+F74+I74+G74+H74)*13073 -> 13073
A75: 수딩크림500 | B75: P00000KP | C75: 6 | J75: =SUM(C75:I75) -> 6 | K75: =C75*29400 -> 176400 | L75: =D75*25000 -> 0 | M75: =E75*25000 -> 0 | R75: =SUM(K75:Q75) -> 176400 | S75: =(C75+D75+E75+F75+I75+G75+H75)*8926 -> 53556
A76: 솔벤트500 | B76: P00000BT | C76: 39 | J76: =SUM(C76:I76) -> 39 | K76: 981600 | L76: =D76*21000 -> 0 | M76: =E76*21000 -> 0 | R76: =SUM(K76:Q76) -> 981600 | S76: =(C76+D76+E76+F76+I76+G76+H76)*7032 -> 274248
A77: 솔벤트1000 | B77: P0000BAJ | J77: =SUM(C77:I77) -> 0 | K77: =C77*47000 -> 0 | L77: =D77*39600 -> 0 | M77: =E77*39600 -> 0 | R77: =SUM(K77:Q77) -> 0 | S77: =(C77+D77+E77+F77+I77+G77+H77)*11631 -> 0
A78: 핑키니스킨500 | B78: P00000PN | C78: 12 | D78: 4 | J78: =SUM(C78:I78) -> 16 | K78: =C78*29400 -> 352800 | L78: =D78*22400 -> 89600 | M78: =E78*25000 -> 0 | R78: =SUM(K78:Q78) -> 442400 | S78: =(C78+D78+E78+F78+I78+G78+H78)*8926 -> 142816
A79: 핑키니프리500 | B79: P00000PN | C79: 24 | E79: 11 | J79: =SUM(C79:I79) -> 35 | K79: 702800 | L79: =D79*25000 -> 0 | M79: =E79*25000 -> 275000 | R79: =SUM(K79:Q79) -> 977800 | S79: =(C79+D79+E79+F79+I79+G79+H79)*8926 -> 312410
A80: 핑키니피니싱500 | B80: P00000PN | C80: 7 | J80: =SUM(C80:I80) -> 7 | K80: =C80*29400 -> 205800 | L80: =D80*25000 -> 0 | M80: =E80*25000 -> 0 | R80: =SUM(K80:Q80) -> 205800 | S80: =(C80+D80+E80+F80+I80+G80+H80)*8926 -> 62482
A81: 5종미니125미리 | B81: P00000BU | C81: 12 | F81: 4 | J81: =SUM(C81:I81) -> 16 | K81: 560000 | L81: =D81*35200 -> 0 | M81: =E81*35200 -> 0 | O81: =F81*37600 -> 150400 | R81: =SUM(K81:Q81) -> 710400 | S81: =(C81+D81+E81+F81+I81+G81+H81)*18934 -> 302944
A82: 맨니스킨250 | B82: P00000XD | J82: =SUM(C82:I82) -> 0 | K82: =C82*16800 -> 0 | L82: =D82*12100 -> 0 | M82: =E82*12100 -> 0 | O82: =F82*9000 -> 0 | R82: =SUM(K82:Q82) -> 0 | S82: =(C82+D82+E82+F82+I82+G82+H82)*5319 -> 0
A83: 맨니오일250 | B83: P00000XD | J83: =SUM(C83:I83) -> 0 | K83: =C83*16800 -> 0 | L83: =D83*12100 -> 0 | M83: =E83*12100 -> 0 | O83: =F83*9000 -> 0 | R83: =SUM(K83:Q83) -> 0 | S83: =(C83+D83+E83+F83+I83+G83+H83)*5319 -> 0
A84: 맨니피니싱250 | B84: P00000XD | J84: =SUM(C84:I84) -> 0 | K84: =C84*16800 -> 0 | L84: =D84*12100 -> 0 | M84: =E84*12100 -> 0 | O84: =F84*9000 -> 0 | R84: =SUM(K84:Q84) -> 0 | S84: =(C84+D84+E84+F84+I84+G84+H84)*5319 -> 0
C85: 도매 | D85: 인증살롱 | E85: 마스터 | F85: 할인행사 | H85: 증정행사 | J85: 합계 | K85: =SUM(K68:K84) -> 10284000 | L85: =SUM(L68:L84) -> 268800 | M85: =SUM(M68:M84) -> 1149200 | N85: =SUM(N68:N84) -> 0 | O85: =SUM(O68:O84) -> 150400 | P85: =SUM(P68:P84) -> 0 | Q85: =SUM(Q68:Q84) -> 0 | R85: =SUM(R68:R84) -> 11852400 | S85: =SUM(S68:S84) -> 3585819
D86: P00000WC | E86: P00000QP | F86: P00000VP | G86: 라2,코코3
A87: 슈거스크럽 | D87: P00000WE | E87: P00000QQ | F87: 미니묶음 | G87: 석3,자2 | K87: 도매 | L87: 인증살롱/마스터 | N87: 할인 | O87: 세트할인 | P87: 할인+증정 | Q87: 증정 | R87: 품목별합계 | S87: 도매,마스터원가
A88: 석류520 | B88: P00000BN | C88: 82 | E88: 20 | J88: =SUM(C88:I88) -> 102 | K88: 1546200 | L88: =D88*15400 -> 0 | M88: =E88*15400 -> 308000 | P88: =H88*18000 -> 0 | R88: =SUM(K88:Q88) -> 1854200 | S88: =J88*7734 -> 788868
A89: 자몽520 | B89: P00000BN | C89: 92 | E89: 38 | J89: =SUM(C89:I89) -> 130 | K89: 1734300 | L89: =D89*15400 -> 0 | M89: =E89*15400 -> 585200 | P89: =H89*18000 -> 0 | R89: =SUM(K89:Q89) -> 2319500 | S89: =J89*7734 -> 1005420
A90: 라벤더520 | B90: P00000BN | C90: 89 | E90: 16 | J90: =SUM(C90:I90) -> 105 | K90: =C90*18900 -> 1682100 | L90: =D90*15400 -> 0 | M90: =E90*15400 -> 246400 | P90: =H90*18000 -> 0 | R90: =SUM(K90:Q90) -> 1928500 | S90: =J90*7734 -> 812070
A91: 코코넛520 | B91: P00000BN | C91: 64 | E91: 16 | J91: =SUM(C91:I91) -> 80 | K91: 1202400 | L91: =D91*15400 -> 0 | M91: =E91*15400 -> 246400 | P91: =H91*18000 -> 0 | R91: =SUM(K91:Q91) -> 1448800 | S91: =J91*7734 -> 618720
A92: 애플520 | B92: P00000BN | C92: 64 | E92: 14 | J92: =SUM(C92:I92) -> 78 | K92: =C92*18900 -> 1209600 | L92: =D92*15400 -> 0 | M92: =E92*15400 -> 215600 | P92: =H92*18000 -> 0 | R92: =SUM(K92:Q92) -> 1425200 | S92: =J92*7734 -> 603252
A93: 망고520 | B93: P00000BN | C93: 56 | E93: 8 | J93: =SUM(C93:I93) -> 64 | K93: 1052100 | L93: =D93*15400 -> 0 | M93: =E93*15400 -> 123200 | P93: =H93*18000 -> 0 | R93: =SUM(K93:Q93) -> 1175300 | S93: =J93*7734 -> 494976
A94: 석류100 | B94: P00000OG | C94: 32 | F94: 525 | J94: =SUM(C94:I94) -> 557 | K94: =C94*8400 -> 268800 | L94: =D94*6600 -> 0 | M94: =E94*6600 -> 0 | N94: 3525120 | R94: =SUM(K94:Q94) -> 3793920 | S94: =J94*2880 -> 1604160
A95: 자몽100 | B95: P00000OG | C95: 27 | F95: 350 | J95: =SUM(C95:I95) -> 377 | K95: =C95*8400 -> 226800 | L95: =D95*6600 -> 0 | M95: =E95*6600 -> 0 | N95: 2350080 | R95: =SUM(K95:Q95) -> 2576880 | S95: =J95*2880 -> 1085760
A96: 라벤더100 | B96: P00000OG | C96: 61 | F96: 350 | J96: =SUM(C96:I96) -> 411 | K96: =C96*8400 -> 512400 | L96: =D96*6600 -> 0 | M96: =E96*6600 -> 0 | N96: 2350080 | R96: =SUM(K96:Q96) -> 2862480 | S96: =J96*2880 -> 1183680
A97: 코코넛100 | B97: P00000OG | C97: 49 | F97: 525 | J97: =SUM(C97:I97) -> 574 | K97: =C97*8400 -> 411600 | L97: =D97*6600 -> 0 | M97: =E97*6600 -> 0 | N97: 3525120 | R97: =SUM(K97:Q97) -> 3936720 | S97: =J97*2880 -> 1653120
A98: 애플100 | B98: P00000OG | C98: 41 | J98: =SUM(C98:I98) -> 41 | K98: 344000 | L98: =D98*6600 -> 0 | M98: =E98*6600 -> 0 | N98: =F98*6720 -> 0 | R98: =SUM(K98:Q98) -> 344000 | S98: =J98*2880 -> 118080
A99: 망고100 | B99: P00000OG | C99: 27 | J99: =SUM(C99:I99) -> 27 | K99: 226400 | L99: =D99*6600 -> 0 | M99: =E99*6600 -> 0 | N99: =F99*6720 -> 0 | R99: =SUM(K99:Q99) -> 226400 | S99: =J99*2880 -> 77760
A100: 520g합계 | C100: =SUM(C88:C99) -> 684 | D100: =SUM(D88:D99) -> 0 | E100: =SUM(E88:E99) -> 112 | F100: =SUM(F88:F93) -> 0 | G100: =SUM(G88:G93) -> 0 | H100: =SUM(H88:H93) -> 0 | I100: =SUM(I88:I93) -> 0 | J100: =SUM(J88:J93) -> 559 | K100: =SUM(K88:K93) -> 8426700 | L100: =SUM(L88:L93) -> 0 | M100: =SUM(M88:M93) -> 1724800 | ... Q100: =SUM(Q88:Q93) -> 0
...

Sheet 상품코드_2월
F1: P0000BLA | G1: 지사비즈4종
F2: P00000ZC | G2: 컵비즈왁스묶음(4종)
C3: 도매 | D3: 인증살롱 | E3: 마스터 | F3: P00000YZ | G3: 컵비즈세트 | H3: 할인+증정 | J3: 합계
D4: P00000VS | E4: P00000QE | F4: P00000VM | G4: 묶음할인15% | H4: P0000BET
D5: P00000VR | E5: P00000QD | F5: P00000YS | G5: 스타터키트 | H5: 비즈2종묶음+선샤인증정
A6: 하드왁스 | E6: P0000BLR | F6: P00000YU | G6: 바디스타터키트 | K6: 도매 | L6: 인증살롱/마스터 | N6: 할인 | O6: 세트할인 | P6: 할인+증정 | Q6: 세트묶음할인 | R6: 품목별합계 | S6: 원가
A7: 아이브로우 | B7: P00000HT | C7: 41 | E7: 72 | J7: =C7+D7+E7+F7+G7+I7+H7 -> 113 | K7: =C7*26300 -> 1078300 | L7: =D7*19200 -> 0 | M7: =E7*19200 -> 1382400 | O7: =F7*21040 -> 0 | R7: =SUM(K7:Q7) -> 2460700 | S7: =(C7+D7+E7+F7+I7+H7+G7)*8655 -> 978015
A8: 하이브리드 | B8: P00000BV | C8: 11 | J8: =C8+D8+E8+F8+G8+I8+H8 -> 11 | K8: =C8*26300 -> 289300 | L8: =D8*19200 -> 0 | M8: =E8*19200 -> 0 | O8: =F8*20000 -> 0 | R8: =SUM(K8:Q8) -> 289300 | S8: =(C8+D8+E8+F8+I8+H8+G8)*8926 -> 98186
A9: 화이트 | B9: P00000CB | J9: =C9+D9+E9+F9+G9+I9+H9 -> 0 | K9: =C9*26300 -> 0 | L9: =D9*19200 -> 0 | M9: =E9*19200 -> 0 | O9: =F9*20000 -> 0 | R9: =SUM(K9:Q9) -> 0 | S9: =(C9+D9+E9+F9+I9+H9+G9)*8926 -> 0
A10: 슈퍼베리 | B10: P00000BX | C10: 7 | J10: =C10+D10+E10+F10+G10+I10+H10 -> 7 | K10: =C10*26300 -> 184100 | L10: =D10*19200 -> 0 | M10: =E10*19200 -> 0 | O10: =F10*20000 -> 0 | R10: =SUM(K10:Q10) -> 184100 | S10: =(C10+D10+E10+F10+I10+H10+G10)*8926 -> 62482
A11: 루비500g | J11: =C11+D11+E11+F11+G11+I11+H11 -> 0 | K11: =C11*26300 -> 0 | L11: =D11*19200 -> 0 | M11: =E11*19200 -> 0 | O11: =F11*20000 -> 0 | R11: =SUM(K11:Q11) -> 0 | S11: =(C11+D11+E11+G11+F11+I11+H11)*7042 -> 0
A12: 맨니하이브리드 | B12: P00000XE | C12: 9 | J12: =C12+D12+E12+F12+G12+I12+H12 -> 9 | K12: =C12*26300 -> 236700 | O12: =F12*20000 -> 0 | R12: =SUM(K12:Q12) -> 236700 | S12: =(C12+D12+E12+F12+I12+H12+G12)*8926 -> 80334
A13: 비즈하이브리드800 | B13: P0000BIF / P0000BLD / P0000BMJ P0000BMI | J13: =C13+D13+E13+F13+G13+I13+H13 -> 0 | K13: =C13*35500 -> 0 | O13: =F13*27300 -> 0 | R13: =SUM(K13:Q13) -> 0 | S13: =(C13+D13+E13+F13+I13+H13+G13)*14876 -> 0
A14: 비즈라벤다800 | C14: 1 | E14: 1 | J14: =C14+D14+E14+F14+G14+I14+H14 -> 2 | K14: =C14*35500 -> 35500 | M14: =E14*33600 -> 33600 | P14: =H14*32000 -> 0 | R14: =SUM(K14:Q14) -> 69100 | S14: =(C14+D14+E14+F14+I14+H14+G14)*14065 -> 28130
A15: 비즈로제트800 | C15: 4 | E15: 1 | J15: =C15+D15+E15+F15+G15+I15+H15 -> 5 | K15: =C15*35500 -> 142000 | M15: =E15*33600 -> 33600 | P15: =H15*32000 -> 0 | R15: =SUM(K15:Q15) -> 175600 | S15: =(C15+D15+E15+F15+I15+H15+G15)*14876 -> 74380
A16: 비즈핑키니800 | C16: 4 | J16: =C16+D16+E16+F16+G16+I16+H16 -> 4 | K16: =C16*40000 -> 160000 | M16: =E16*35500 -> 0 | P16: =H16*32000 -> 0 | R16: =SUM(K16:Q16) -> 160000 | S16: =(C16+D16+E16+F16+I16+H16+G16)*15958 -> 63832
A17: 선샤인비즈 | C17: 27 | F17: 54 | J17: =C17+D17+E17+F17+G17+I17+H17 -> 81 | K17: =C17*30000 -> 810000 | M17: =E17*20000 -> 0 | N17: =F17*20000 -> 1080000 | R17: =SUM(K17:Q17) -> 1890000 | S17: =(C17+D17+E17+F17+I17+H17+G17)*13262 -> 1074222
A18: 비즈하이브리드5KG | E18: 3 | J18: =C18+D18+E18+F18+G18+I18+H18 -> 3 | K18: =C18*190000 -> 0 | M18: =E18*154000 -> 462000 | R18: =SUM(K18:Q18) -> 462000 | S18: =(C18+D18+E18+F18+I18+H18+G18)*89709 -> 269127
A19: 비즈라벤다5KG | C19: 3 | E19: 2 | J19: =C19+D19+E19+F19+G19+I19+H19 -> 5 | K19: =C19*190000 -> 570000 | M19: =E19*154000 -> 308000 | R19: =SUM(K19:Q19) -> 878000 | S19: =(C19+D19+E19+F19+I19+H19+G19)*85201 -> 426005
A20: 비즈로제트5KG | C20: 3 | E20: 1 | J20: =C20+D20+E20+F20+G20+I20+H20 -> 4 | K20: =C20*190000 -> 570000 | M20: =E20*154000 -> 154000 | R20: =SUM(K20:Q20) -> 724000 | S20: =(C20+D20+E20+F20+I20+H20+G20)*89709 -> 358836
A21: 비즈핑키니5kg | C21: 4 | E21: 5 | J21: =C21+D21+E21+F21+G21+I21+H21 -> 9 | K21: =C21*206000 -> 824000 | M21: =E21*171000 -> 855000 | R21: =SUM(K21:Q21) -> 1679000 | S21: =(C21+D21+E21+F21+I21+H21+G21)*96471 -> 868239
A22: 데저트500 | J22: =C22+D22+E22+F22+G22+I22+H22 -> 0 | K22: =C22*25000 -> 0 | R22: =SUM(K22:Q22) -> 0 | S22: =(C22+D22+E22+F22+I22+H22+G22)*6110 -> 0
A23: 핑키니500g | J23: =C23+D23+E23+F23+G23+I23+H23 -> 0 | K23: =C23*25000 -> 0 | R23: =SUM(K23:Q23) -> 0 | S23: =(C23+D23+E23+F23+I23+H23+G23)*7100 -> 0
A24: 500g총합계 | C24: =SUM(C7:C23) -> 114 | D24: =SUM(D7:D23) -> 0 | E24: =SUM(E7:E23) -> 85 | F24: =SUM(F7:F23) -> 54 | G24: =SUM(G7:G23) -> 0 | H24: =SUM(H7:H23) -> 0 | I24: =SUM(I7:I23) -> 0 | J24: =SUM(J7:J23) -> 253 | ... S24: =SUM(S7:S23) -> 4381788
A25: 컵비즈왁스(로제트) | B25: P00000ZB | C25: 3 | F25: 6 | G25: 1 | J25: =SUM(C25:I25) -> 10 | K25: =C25*6200 -> 18600 | N25: =F25*5580 -> 33480 | O25: =G25*4340 -> 4340 | R25: =SUM(K25:Q25) -> 56420 | S25: =(C25+D25+E25+F25+I25+G25+H25)*3923 -> 39230
A26: 컵비즈왁스(라벤다) | C26: 2 | F26: 6 | G26: 1 | J26: =SUM(C26:I26) -> 9 | K26: =C26*6200 -> 12400 | N26: =F26*5580 -> 33480 | O26: =G26*4340 -> 4340 | R26: =SUM(K26:Q26) -> 50220 | S26: =(C26+D26+E26+F26+I26+G26+H26)*3923 -> 35307
A27: 컵비즈왁스(하이브리드) | C27: 1 | F27: 4 | G27: 1 | J27: =SUM(C27:I27) -> 6 | K27: =C27*6200 -> 6200 | N27: =F27*5580 -> 22320 | O27: =G27*4340 -> 4340 | R27: =SUM(K27:Q27) -> 32860 | S27: =(C27+D27+E27+F27+I27+G27+H27)*3923 -> 23538
A28: 컵비즈왁스(핑키니) | F28: 6 | G28: 1 | J28: =SUM(C28:I28) -> 7 | K28: =C28*6200 -> 0 | N28: =F28*5580 -> 33480 | O28: =G28*4340 -> 4340 | R28: =SUM(K28:Q28) -> 37820 | S28: =(C28+D28+E28+F28+I28+G28+H28)*3923 -> 27461
A29: 핑키니하드 | B29: P00000UH | C29: 44 | E29: 137 | F29: 692 | J29: =SUM(C29:I29) -> 873 | K29: =C29*40000 -> 1760000 | L29: =D29*30800 -> 0 | M29: =E29*30800 -> 4219600 | N29: =F29*34000 -> 23528000 | P29: =H29*34000 -> 0 | R29: =SUM(K29:Q29) -> 29507600 | S29: =(C29+D29+E29+F29+I29+G29+H29)*17852 -> 15584796
A30: 루비1kg | B30: P00000TI | C30: 36 | E30: 170 | F30: 649 | J30: =SUM(C30:I30) -> 855 | K30: =C30*37800 -> 1360800 | L30: =D30*27800 -> 0 | M30: =E30*27800 -> 4726000 | N30: =F30*32130 -> 20852370 | P30: =H30*32130 -> 0 | R30: =SUM(K30:Q30) -> 26939170 | S30: =(C30+D30+E30+F30+I30+G30+H30)*15958 -> 13644090
A31: 데저트 | B31: P00000BY | C31: 26 | E31: 168 | F31: 468 | J31: =SUM(C31:I31) -> 662 | K31: =C31*37800 -> 982800 | L31: =D31*27800 -> 0 | M31: =E31*27800 -> 4670400 | N31: =F31*32130 -> 15036840 | P31: =H31*32130 -> 0 | R31: =SUM(K31:Q31) -> 20690040 | S31: =(C31+D31+E31+F31+I31+G31+H31)*15958 -> 10564196
A32: 라벤더 | B32: P00000BZ | C32: 19 | E32: 40 | F32: 178 | J32: =SUM(C32:I32) -> 237 | K32: =C32*37800 -> 718200 | L32: =D32*27800 -> 0 | M32: =E32*27800 -> 1112000 | N32: =F32*32130 -> 5719140 | P32: =H32*32130 -> 0 | R32: =SUM(K32:Q32) -> 7549340 | S32: =(C32+D32+E32+F32+I32+G32+H32)*15958 -> 3782046
A33: 로제트 | B33: P00000CH | C33: 10 | E33: 123 | F33: 278 | J33: =SUM(C33:I33) -> 411 | K33: =C33*37800 -> 378000 | L33: =D33*27800 -> 0 | M33: =E33*27800 -> 3419400 | N33: =F33*32130 -> 8932140 | O33: =G33*30240 -> 0 | P33: =H33*32130 -> 0 | R33: =SUM(K33:Q33) -> 12729540 | S33: =(C33+D33+E33+F33+I33+G33+H33)*16680 -> 6855480
A34: 맨니피코 | B34: P00000CG | C34: 23 | E34: 63 | F34: 416 | J34: =SUM(C34:I34) -> 502 | K34: =C34*37800 -> 869400 | L34: =D34*27800 -> 0 | M34: =E34*27800 -> 1751400 | N34: =F34*32130 -> 13366080 | P34: =H34*32130 -> 0 | R34: =SUM(K34:Q34) -> 15986880 | S34: =(C34+D34+E34+F34+I34+G34+H34)*16680 -> 8373360
A35: 올리브 | B35: P00000CA | C35: 6 | F35: 2 | J35: =SUM(C35:I35) -> 8 | K35: =C35*37800 -> 226800 | L35: =D35*27800 -> 0 | M35: =E35*27800 -> 0 | N35: =F35*32130 -> 64260 | P35: =H35*32130 -> 0 | R35: =SUM(K35:Q35) -> 291060 | S35: =(C35+D35+E35+F35+I35+G35+H35)*16680 -> 133440
A36: 바닐라 | B36: P00000BW | C36: 5 | E36: 21 | F36: 72 | J36: =SUM(C36:I36) -> 98 | K36: =C36*37800 -> 189000 | L36: =D36*27800 -> 0 | M36: =E36*27800 -> 583800 | N36: =F36*32130 -> 2313360 | P36: =H36*32130 -> 0 | R36: =SUM(K36:Q36) -> 3086160 | S36: =(C36+D36+E36+F36+I36+G36+H36)*16680 -> 1634640
A37: 소베리 | B37: P00000CI | C37: 6 | F37: 3 | J37: =SUM(C37:I37) -> 9 | K37: =C37*37800 -> 226800 | L37: =D37*27800 -> 0 | M37: =E37*27800 -> 0 | N37: =F37*32130 -> 96390 | P37: =H37*32130 -> 0 | R37: =SUM(K37:Q37) -> 323190 | S37: =(C37+D37+E37+F37+I37+G37+H37)*16680 -> 150120
A38: 아쥴렌 | B38: P00000CE | C38: 1 | E38: 8 | F38: 35 | J38: =SUM(C38:I38) -> 44 | K38: =C38*37800 -> 37800 | L38: =D38*27800 -> 0 | M38: =E38*27800 -> 222400 | N38: =F38*32130 -> 1124550 | P38: =H38*32130 -> 0 | R38: =SUM(K38:Q38) -> 1384750 | S38: =(C38+D38+E38+F38+I38+G38+H38)*16680 -> 733920
A39: 액티브골드 | B39: P00000KH | J39: =SUM(C39:I39) -> 0 | K39: =C39*37800 -> 0 | L39: =D39*27800 -> 0 | M39: =E39*27800 -> 0 | N39: =F39*32130 -> 0 | P39: =H39*32130 -> 0 | R39: =SUM(K39:Q39) -> 0 | S39: =(C39+D39+E39+F39+I39+G39+H39)*15688 -> 0
A40: 알로에 | B40: P00000CD | C40: 4 | E40: 12 | F40: 104 | J40: =SUM(C40:I40) -> 120 | K40: =C40*37800 -> 151200 | L40: =D40*27800 -> 0 | M40: =E40*27800 -> 333600 | N40: =F40*32130 -> 3341520 | P40: =H40*32130 -> 0 | R40: =SUM(K40:Q40) -> 3826320 | S40: =(C40+D40+E40+F40+I40+G40+H40)*15688 -> 1882560
A41: 아프리콧 | B41: P00000CF | C41: 5 | E41: 5 | F41: 47 | J41: =SUM(C41:I41) -> 57 | K41: =C41*37800 -> 189000 | L41: =D41*27800 -> 0 | M41: =E41*27800 -> 139000 | N41: =F41*32130 -> 1510110 | P41: =H41*32130 -> 0 | R41: =SUM(K41:Q41) -> 1838110 | S41: =(C41+D41+E41+F41+I41+G41+H41)*15688 -> 894216
J42: =SUM(C42:I42) -> 0
J43: =SUM(C43:I43) -> 0 | K43: =C43*36000 -> 0 | L43: =D43*28000 -> 0
A44: 1kg총합계 | C44: =SUM(C29:C43) -> 185 | D44: =SUM(D29:D43) -> 0 | E44: =SUM(E29:E43) -> 747 | F44: =SUM(F29:F43) -> 2944 | G44: =SUM(G29:G43) -> 0 | H44: =SUM(H29:H43) -> 0 | I44: =SUM(I29:I43) -> 0 | J44: =SUM(J29:J43) -> 3876 | K44: =SUM(K25:K43) -> 7127000 | L44: =SUM(L25:L43) -> 0 | M44: =SUM(M25:M43) -> 21177600 | N44: =SUM(N25:N43) -> 96007520 | O44: =SUM(O25:O43) -> 17360 | P44: =SUM(P25:P43) -> 0 | Q44: =SUM(Q25:Q43) -> 0 | R44: =SUM(R25:R43) -> 124329480 | S44: =SUM(S25:S43) -> 64358400
C45: 도매 | D45: 인증살롱 | E45: 마스터 | F45: 할인행사 | H45: 할인+증정 | J45: 합계
D46: P00000VT | E46: P00000QF | F46: P00000VN | G46: 0.15
A47: 스트립왁스 | F47: P00000YU | G47: 바디스타터키트 | H47: P0000BEU | K47: 도매 | L47: 인증살롱/마스터 | N47: 할인 | O47: 세트할인 | P47: 할인+증정 | R47: 품목별합계 | S47: 원가
A48: S_화이트 | B48: P00000CQ | C48: 16 | E48: 15 | F48: 163 | J48: =SUM(C48:I48) -> 194 | K48: =C48*35700 -> 571200 | L48: =D48*25400 -> 0 | M48: =E48*25400 -> 381000 | N48: =F48*29500 -> 4808500 | P48: =H48*29500 -> 0 | R48: =SUM(K48:Q48) -> 5760700 | S48: =(C48+D48+E48+F48+I48+H48+G48)*14155 -> 2746070
A49: S_슈퍼베리 | B49: P00000CL | C49: 4 | E49: 3 | F49: 25 | J49: =SUM(C49:I49) -> 32 | K49: =C49*35700 -> 142800 | L49: =D49*25400 -> 0 | M49: =E49*25400 -> 76200 | N49: =F49*29500 -> 737500 | P49: =H49*29500 -> 0 | R49: =SUM(K49:Q49) -> 956500 | S49: =(C49+D49+E49+F49+I49+H49+G49)*14155 -> 452960
A50: S_로제트 | B50: P00000CO | C50: 3 | F50: 14 | J50: =SUM(C50:I50) -> 17 | K50: =C50*34700 -> 104100 | L50: =D50*25400 -> 0 | M50: =E50*25400 -> 0 | N50: =F50*29500 -> 413000 | P50: =H50*29500 -> 0 | R50: =SUM(K50:Q50) -> 517100 | S50: =(C50+D50+E50+F50+I50+H50+G50)*13975 -> 237575
A51: S_맨니피코 | B51: P00000CW | C51: 6 | E51: 3 | F51: 62 | J51: =SUM(C51:I51) -> 71 | K51: =C51*34700 -> 208200 | L51: =D51*25400 -> 0 | M51: =E51*25400 -> 76200 | N51: =F51*29500 -> 1829000 | P51: =H51*29500 -> 0 | R51: =SUM(K51:Q51) -> 2113400 | S51: =(C51+D51+E51+F51+I51+H51+G51)*13975 -> 992225
A52: S_올리브 | B52: P00000CN | C52: 1 | J52: =SUM(C52:I52) -> 1 | K52: =C52*34700 -> 34700 | L52: =D52*25400 -> 0 | M52: =E52*25400 -> 0 | N52: =F52*29500 -> 0 | P52: =H52*29500 -> 0 | R52: =SUM(K52:Q52) -> 34700 | S52: =(C52+D52+E52+F52+I52+H52+G52)*13975 -> 13975
A53: S_바닐라 | B53: P00000CM | C53: 15 | F53: 23 | J53: =SUM(C53:I53) -> 38 | K53: =C53*34700 -> 520500 | L53: =D53*25400 -> 0 | M53: =E53*25400 -> 0 | N53: =F53*29500 -> 678500 | O53: =G53*27760 -> 0 | P53: =H53*29500 -> 0 | R53: =SUM(K53:Q53) -> 1199000 | S53: =(C53+D53+E53+F53+I53+H53+G53)*13975 -> 531050
A54: S_소베리 | B54: P00000CT | C54: 7 | F54: 27 | J54: =SUM(C54:I54) -> 34 | K54: =C54*34700 -> 242900 | L54: =D54*25400 -> 0 | M54: =E54*25400 -> 0 | N54: =F54*29500 -> 796500 | P54: =H54*29500 -> 0 | R54: =SUM(K54:Q54) -> 1039400 | S54: =(C54+D54+E54+F54+I54+H54+G54)*13975 -> 475150
A55: S_아쥴렌 | B55: P00000CU | J55: =SUM(C55:I55) -> 0 | K55: =C55*34700 -> 0 | L55: =D55*25400 -> 0 | M55: =E55*25400 -> 0 | N55: =F55*29500 -> 0 | P55: =H55*29500 -> 0 | R55: =SUM(K55:Q55) -> 0 | S55: =(C55+D55+E55+F55+I55+H55+G55)*13975 -> 0
A56: S_액티브골드 | B56: P00000CP | C56: 4 | F56: 28 | J56: =SUM(C56:I56) -> 32 | K56: =C56*34700 -> 138800 | L56: =D56*25400 -> 0 | M56: =E56*25400 -> 0 | N56: =F56*29500 -> 826000 | P56: =H56*29500 -> 0 | R56: =SUM(K56:Q56) -> 964800 | S56: =(C56+D56+E56+F56+I56+H56+G56)*13434 -> 429888
A57: S_알로에 | B57: P00000CS | C57: 19 | E57: 15 | F57: 76 | J57: =SUM(C57:I57) -> 110 | K57: =C57*34700 -> 659300 | L57: =D57*25400 -> 0 | M57: =E57*25400 -> 381000 | N57: =F57*29500 -> 2242000 | P57: =H57*29500 -> 0 | R57: =SUM(K57:Q57) -> 3282300 | S57: =(C57+D57+E57+F57+I57+H57+G57)*13975 -> 1537250
A58: S_아프리콧 | B58: P00000CR | C58: 9 | F58: 26 | J58: =SUM(C58:I58) -> 35 | K58: =C58*34700 -> 312300 | L58: =D58*25400 -> 0 | M58: =E58*25400 -> 0 | N58: =F58*29500 -> 767000 | P58: =H58*29500 -> 0 | R58: =SUM(K58:Q58) -> 1079300 | S58: =(C58+D58+E58+F58+I58+H58+G58)*13434 -> 470190
A59: S_소여미 | B59: P00000CV | J59: =SUM(C59:I59) -> 0 | K59: =C59*34700 -> 0 | L59: =D59*25400 -> 0 | M59: =E59*25400 -> 0 | N59: =F59*29500 -> 0 | P59: =H59*29500 -> 0 | R59: =SUM(K59:Q59) -> 0 | S59: =(C59+D59+E59+F59+I59+H59+G59)*13975 -> 0
J60: =SUM(C60:I60) -> 0
A61: 총합계 | C61: =SUM(C48:C60) -> 84 | D61: =SUM(D48:D60) -> 0 | E61: =SUM(E48:E60) -> 36 | F61: =SUM(F48:F60) -> 444 | H61: =SUM(H48:H60) -> 0 | I61: =SUM(I48:I60) -> 0 | J61: =SUM(J48:J60) -> 564 | K61: =SUM(K48:K60) -> 2934800 | L61: =SUM(L48:L60) -> 0 | M61: =SUM(M48:M60) -> 914400 | N61: =SUM(N48:N60) -> 13098000 | O61: =SUM(O48:O60) -> 0 | ... S61: =SUM(S48:S60) -> 7886333
C62: 도매 | D62: 인증살롱 | E62: 마스터
D63: P00000VU | E63: P00000QG | F63: 할인행사 | J63: 합계
D64: P00000VV | E64: P00000QH
C65: 5종미니 | D65: P00000WO | E65: P00000UF | F65: P00000YU | G65: 바디스타터키트
D66: P00000XC | E66: P00000WZ
A67: 전후처리제 | I67: 증정 | K67: 도매 | L67: 인증살롱/마스터 | N67: 할인 | O67: 세트할인 | P67: 할인+증정 | R67: 품목별합계 | S67: 원가
A68: 스킨클렌저500 | B68: P00000BP | C68: 102 | E68: 15 | J68: =SUM(C68:I68) -> 117 | K68: =C68*25200 -> 2570400 | L68: =D68*21000 -> 0 | M68: =E68*21000 -> 315000 | R68: =SUM(K68:Q68) -> 2885400 | S68: =(C68+D68+E68+F68+I68+G68+H68)*7032 -> 822744
A69: 스킨클렌저1000 | B69: P0000BAJ | E69: 13 | J69: =SUM(C69:I69) -> 13 | K69: =C69*47000 -> 0 | L69: =D69*39600 -> 0 | M69: =E69*39600 -> 514800 | R69: =SUM(K69:Q69) -> 514800 | S69: =(C69+D69+E69+F69+I69+G69+H69)*11631 -> 151203
A70: 프리왁싱오일500 | B70: P00000BQ | C70: 91 | E70: 1 | J70: =SUM(C70:I70) -> 92 | K70: =C70*29400 -> 2675400 | L70: =D70*25000 -> 0 | M70: =E70*25000 -> 25000 | R70: =SUM(K70:Q70) -> 2700400 | S70: =(C70+D70+E70+F70+I70+G70+H70)*8565 -> 787980
A71: 프리1000 | B71: P0000BAJ | E71: 9 | J71: =SUM(C71:I71) -> 9 | K71: =C71*47000 -> 0 | L71: =D71*39600 -> 0 | M71: =E71*39600 -> 356400 | R71: =SUM(K71:Q71) -> 356400 | S71: =(C71+D71+E71+F71+I71+G71+H71)*13073 -> 117657
A72: 티트리퍼팩 | B72: P00000BR | C72: 54 | E72: 2 | J72: =SUM(C72:I72) -> 56 | K72: =C72*25200 -> 1360800 | L72: =D72*21000 -> 0 | M72: =E72*21000 -> 42000 | R72: =SUM(K72:Q72) -> 1402800 | S72: =(C72+D72+E72+F72+I72+G72+H72)*7032 -> 393792
A73: 티트리수드500 | B73: P00000BS | C73: 23 | J73: =SUM(C73:I73) -> 23 | K73: =C73*29400 -> 676200 | L73: =D73*25000 -> 0 | M73: =E73*25000 -> 0 | R73: =SUM(K73:Q73) -> 676200 | S73: =(C73+D73+E73+F73+I73+G73+H73)*8565 -> 196995
A74: 티트리수드1000 | B74: P0000BAJ | E74: 1 | J74: =SUM(C74:I74) -> 1 | K74: =C74*47000 -> 0 | L74: =D74*39600 -> 0 | M74: =E74*39600 -> 39600 | R74: =SUM(K74:Q74) -> 39600 | S74: =(C74+D74+E74+F74+I74+G74+H74)*13073 -> 13073
A75: 수딩크림500 | B75: P00000KP | C75: 6 | J75: =SUM(C75:I75) -> 6 | K75: =C75*29400 -> 176400 | L75: =D75*25000 -> 0 | M75: =E75*25000 -> 0 | R75: =SUM(K75:Q75) -> 176400 | S75: =(C75+D75+E75+F75+I75+G75+H75)*8926 -> 53556
A76: 솔벤트500 | B76: P00000BT | C76: 10 | J76: =SUM(C76:I76) -> 10 | K76: =C76*25200 -> 252000 | L76: =D76*21000 -> 0 | M76: =E76*21000 -> 0 | R76: =SUM(K76:Q76) -> 252000 | S76: =(C76+D76+E76+F76+I76+G76+H76)*7032 -> 70320
A77: 솔벤트1000 | B77: P0000BMW | C77: 7 | E77: 1 | J77: =SUM(C77:I77) -> 8 | K77: =C77*47000 -> 329000 | L77: =D77*39600 -> 0 | M77: =E77*39600 -> 39600 | R77: =SUM(K77:Q77) -> 368600 | S77: =(C77+D77+E77+F77+I77+G77+H77)*11631 -> 93048
A78: 핑키니스킨500 | B78: P00000PN | C78: 15 | E78: 22 | J78: =SUM(C78:I78) -> 37 | K78: =C78*29400 -> 441000 | L78: =D78*25000 -> 0 | M78: =E78*25000 -> 550000 | R78: =SUM(K78:Q78) -> 991000 | S78: =(C78+D78+E78+F78+I78+G78+H78)*8926 -> 330262
A79: 핑키니프리500 | B79: P00000PN | C79: 23 | E79: 2 | J79: =SUM(C79:I79) -> 25 | K79: =C79*29400 -> 676200 | L79: =D79*25000 -> 0 | M79: =E79*25000 -> 50000 | R79: =SUM(K79:Q79) -> 726200 | S79: =(C79+D79+E79+F79+I79+G79+H79)*8926 -> 223150
A80: 핑키니피니싱500 | B80: P00000PN | C80: 8 | E80: 3 | J80: =SUM(C80:I80) -> 11 | K80: =C80*29400 -> 235200 | L80: =D80*25000 -> 0 | M80: =E80*25000 -> 75000 | R80: =SUM(K80:Q80) -> 310200 | S80: =(C80+D80+E80+F80+I80+G80+H80)*8926 -> 98186
A81: 5종미니125미리 | B81: P00000BU | C81: 9 | J81: =SUM(C81:I81) -> 9 | K81: =C81*47000 -> 423000 | L81: =D81*35200 -> 0 | M81: =E81*35200 -> 0 | O81: =F81*37600 -> 0 | R81: =SUM(K81:Q81) -> 423000 | S81: =(C81+D81+E81+F81+I81+G81+H81)*18934 -> 170406
A82: 맨니스킨250 | B82: P00000XD | C82: 3 | J82: =SUM(C82:I82) -> 3 | K82: =C82*16800 -> 50400 | L82: =D82*12100 -> 0 | M82: =E82*12100 -> 0 | O82: =F82*9000 -> 0 | R82: =SUM(K82:Q82) -> 50400 | S82: =(C82+D82+E82+F82+I82+G82+H82)*5319 -> 15957
A83: 맨니오일250 | B83: P00000XD | C83: 3 | J83: =SUM(C83:I83) -> 3 | K83: =C83*16800 -> 50400 | L83: =D83*12100 -> 0 | M83: =E83*12100 -> 0 | O83: =F83*9000 -> 0 | R83: =SUM(K83:Q83) -> 50400 | S83: =(C83+D83+E83+F83+I83+G83+H83)*5319 -> 15957
A84: 맨니피니싱250 | B84: P00000XD | C84: 4 | J84: =SUM(C84:I84) -> 4 | K84: =C84*16800 -> 67200 | L84: =D84*12100 -> 0 | M84: =E84*12100 -> 0 | O84: =F84*9000 -> 0 | R84: =SUM(K84:Q84) -> 67200 | S84: =(C84+D84+E84+F84+I84+G84+H84)*5319 -> 21276
C85: 도매 | D85: 인증살롱 | E85: 마스터 | F85: 할인행사 | H85: 증정행사 | J85: 합계 | K85: =SUM(K68:K84) -> 9983600 | L85: =SUM(L68:L84) -> 0 | M85: =SUM(M68:M84) -> 2007400 | N85: =SUM(N68:N84) -> 0 | O85: =SUM(O68:O84) -> 0 | P85: =SUM(P68:P84) -> 0 | Q85: =SUM(Q68:Q84) -> 0 | R85: =SUM(R68:R84) -> 11991000 | S85: =SUM(S68:S84) -> 3575562
D86: P00000WC | E86: P00000QP | F86: P00000VP | G86: 라2,코코3
A87: 슈거스크럽 | D87: P00000WE | E87: P00000QQ | F87: 미니묶음 | G87: 석3,자2 | K87: 도매 | L87: 인증살롱/마스터 | N87: 할인 | O87: 세트할인 | P87: 할인+증정 | Q87: 증정 | R87: 품목별합계 | S87: 도매,마스터원가
A88: 석류520 | B88: P00000BN | C88: 71 | E88: 3 | J88: =SUM(C88:I88) -> 74 | K88: =C88*18900 -> 1341900 | L88: =D88*15400 -> 0 | M88: =E88*15400 -> 46200 | P88: =H88*18000 -> 0 | R88: =SUM(K88:Q88) -> 1388100 | S88: =J88*7734 -> 572316
A89: 자몽520 | B89: P00000BN | C89: 82 | E89: 16 | J89: =SUM(C89:I89) -> 98 | K89: =C89*18900 -> 1549800 | L89: =D89*15400 -> 0 | M89: =E89*15400 -> 246400 | P89: =H89*18000 -> 0 | R89: =SUM(K89:Q89) -> 1796200 | S89: =J89*7734 -> 757932
A90: 라벤더520 | B90: P00000BN | C90: 72 | E90: 3 | J90: =SUM(C90:I90) -> 75 | K90: =C90*18900 -> 1360800 | L90: =D90*15400 -> 0 | M90: =E90*15400 -> 46200 | P90: =H90*18000 -> 0 | R90: =SUM(K90:Q90) -> 1407000 | S90: =J90*7734 -> 580050
A91: 코코넛520 | B91: P00000BN | C91: 71 | E91: 2 | J91: =SUM(C91:I91) -> 73 | K91: =C91*18900 -> 1341900 | L91: =D91*15400 -> 0 | M91: =E91*15400 -> 30800 | P91: =H91*18000 -> 0 | R91: =SUM(K91:Q91) -> 1372700 | S91: =J91*7734 -> 564582
A92: 애플520 | B92: P00000BN | C92: 46 | E92: 6 | J92: =SUM(C92:I92) -> 52 | K92: =C92*18900 -> 869400 | L92: =D92*15400 -> 0 | M92: =E92*15400 -> 92400 | P92: =H92*18000 -> 0 | R92: =SUM(K92:Q92) -> 961800 | S92: =J92*7734 -> 402168
A93: 망고520 | B93: P00000BN | C93: 38 | E93: 6 | J93: =SUM(C93:I93) -> 44 | K93: =C93*18900 -> 718200 | L93: =D93*15400 -> 0 | M93: =E93*15400 -> 92400 | P93: =H93*18000 -> 0 | R93: =SUM(K93:Q93) -> 810600 | S93: =J93*7734 -> 340296
A94: 석류100 | B94: P00000OG | C94: 43 | E94: 19 | F94: 540 | J94: =SUM(C94:I94) -> 602 | K94: =C94*8400 -> 361200 | L94: =D94*6600 -> 0 | M94: =E94*6600 -> 125400 | N94: =F94*6720 -> 3628800 | R94: =SUM(K94:Q94) -> 4115400 | S94: =J94*2880 -> 1733760
A95: 자몽100 | B95: P00000OG | C95: 62 | E95: 99 | F95: 360 | J95: =SUM(C95:I95) -> 521 | K95: =C95*8400 -> 520800 | L95: =D95*6600 -> 0 | M95: =E95*6600 -> 653400 | N95: =F95*6720 -> 2419200 | R95: =SUM(K95:Q95) -> 3593400 | S95: =J95*2880 -> 1500480
A96: 라벤더100 | B96: P00000OG | C96: 99 | E96: 29 | F96: 360 | J96: =SUM(C96:I96) -> 488 | K96: =C96*8400 -> 831600 | L96: =D96*6600 -> 0 | M96: =E96*6600 -> 191400 | N96: =F96*6720 -> 2419200 | R96: =SUM(K96:Q96) -> 3442200 | S96: =J96*2880 -> 1405440
A97: 코코넛100 | B97: P00000OG | C97: 52 | E97: 15 | F97: 540 | J97: =SUM(C97:I97) -> 607 | K97: =C97*8400 -> 436800 | L97: =D97*6600 -> 0 | M97: =E97*6600 -> 99000 | N97: =F97*6720 -> 3628800 | R97: =SUM(K97:Q97) -> 4164600 | S97: =J97*2880 -> 1748160
A98: 애플100 | B98: P00000OG | C98: 56 | E98: 19 | J98: =SUM(C98:I98) -> 75 | K98: =C98*8400 -> 470400 | L98: =D98*6600 -> 0 | M98: =E98*6600 -> 125400 | N98: =F98*6720 -> 0 | R98: =SUM(K98:Q98) -> 595800 | S98: =J98*2880 -> 216000
A99: 망고100 | B99: P00000OG | C99: 33 | E99: 69 | J99: =SUM(C99:I99) -> 102 | K99: =C99*8400 -> 277200 | L99: =D99*6600 -> 0 | M99: =E99*6600 -> 455400 | N99: =F99*6720 -> 0 | R99: =SUM(K99:Q99) -> 732600 | S99: =J99*2880 -> 293760
A100: 520g합계 | C100: =SUM(C88:C99) -> 725 | D100: =SUM(D88:D99) -> 0 | E100: =SUM(E88:E99) -> 286 | F100: =SUM(F88:F93) -> 0 | G100: =SUM(G88:G93) -> 0 | H100: =SUM(H88:H93) -> 0 | I100: =SUM(I88:I93) -> 0 | J100: =SUM(J88:J93) -> 416 | K100: =SUM(K88:K93) -> 7182000 | L100: =SUM(L88:L93) -> 0 | M100: =SUM(M88:M93) -> 554400 | ... Q100: =SUM(Q88:Q93) -> 0
...

Sheet 상품코드_3월 
F1: P0000BLA | G1: 지사비즈4종
F2: P00000ZC | G2: 컵비즈왁스묶음(4종)
C3: 도매 | D3: 인증살롱 | E3: 마스터 | F3: P00000YZ | G3: 컵비즈세트 | H3: 할인+증정 | J3: 합계
D4: P00000VS | E4: P00000QE | F4: P00000VM | G4: 묶음할인15% | H4: P0000BET | I4: 아나프리증정
D5: P00000VR | E5: P00000QD | F5: P00000YS | G5: 스타터키트 | H5: P0000BMX | I5: 비즈5KG행사
A6: 하드왁스 | E6: P0000BLR | F6: P00000YU | G6: 바디스타터키트 | K6: 도매 | L6: 인증살롱/마스터 | N6: 할인 | O6: 세트할인 | P6: 할인+증정 | Q6: 세트묶음할인 | R6: 품목별합계 | S6: 원가
A7: 아이브로우 | B7: P00000HT | C7: 115 | F7: 4 | J7: =C7+D7+E7+F7+G7+I7+H7 -> 119 | K7: =C7*26300 -> 3024500 | L7: =D7*19200 -> 0 | M7: =E7*19200 -> 0 | O7: =F7*21040 -> 84160 | R7: =SUM(K7:Q7) -> 3108660 | S7: =(C7+D7+E7+F7+I7+H7+G7)*8655 -> 1029945
A8: 하이브리드 | B8: P00000BV | C8: 8 | J8: =C8+D8+E8+F8+G8+I8+H8 -> 8 | K8: =C8*26300 -> 210400 | L8: =D8*19200 -> 0 | M8: =E8*19200 -> 0 | O8: =F8*20000 -> 0 | R8: =SUM(K8:Q8) -> 210400 | S8: =(C8+D8+E8+F8+I8+H8+G8)*8926 -> 71408
A9: 화이트 | B9: P00000CB | C9: 7 | J9: =C9+D9+E9+F9+G9+I9+H9 -> 7 | K9: =C9*26300 -> 184100 | L9: =D9*19200 -> 0 | M9: =E9*19200 -> 0 | O9: =F9*20000 -> 0 | R9: =SUM(K9:Q9) -> 184100 | S9: =(C9+D9+E9+F9+I9+H9+G9)*8926 -> 62482
A10: 슈퍼베리 | B10: P00000BX | C10: 8 | J10: =C10+D10+E10+F10+G10+I10+H10 -> 8 | K10: =C10*26300 -> 210400 | L10: =D10*19200 -> 0 | M10: =E10*19200 -> 0 | O10: =F10*20000 -> 0 | R10: =SUM(K10:Q10) -> 210400 | S10: =(C10+D10+E10+F10+I10+H10+G10)*8926 -> 71408
A11: 루비500g | J11: =C11+D11+E11+F11+G11+I11+H11 -> 0 | K11: =C11*26300 -> 0 | L11: =D11*19200 -> 0 | M11: =E11*19200 -> 0 | O11: =F11*20000 -> 0 | R11: =SUM(K11:Q11) -> 0 | S11: =(C11+D11+E11+G11+F11+I11+H11)*7042 -> 0
A12: 맨니하이브리드 | B12: P00000XE | C12: 8 | J12: =C12+D12+E12+F12+G12+I12+H12 -> 8 | K12: =C12*26300 -> 210400 | O12: =F12*20000 -> 0 | R12: =SUM(K12:Q12) -> 210400 | S12: =(C12+D12+E12+F12+I12+H12+G12)*8926 -> 71408
A13: 비즈하이브리드800 | B13: P0000BIF / P0000BLD / P0000BMJ P0000BMI / P0000BMY (3월행사) | H13: 2 | J13: =C13+D13+E13+F13+G13+I13+H13 -> 2 | K13: =C13*35500 -> 0 | O13: =F13*27300 -> 0 | P13: =H13*26700 -> 53400 | R13: =SUM(K13:Q13) -> 53400 | S13: =(C13+D13+E13+F13+I13+H13+G13)*14876 -> 29752
A14: 비즈라벤다800 | C14: 3 | H14: 11 | J14: =C14+D14+E14+F14+G14+I14+H14 -> 14 | K14: =C14*35500 -> 106500 | M14: =E14*33600 -> 0 | P14: =H14*26700 -> 293700 | R14: =SUM(K14:Q14) -> 400200 | S14: =(C14+D14+E14+F14+I14+H14+G14)*14065 -> 196910
A15: 비즈로제트800 | C15: 5 | H15: 18 | J15: =C15+D15+E15+F15+G15+I15+H15 -> 23 | K15: =C15*35500 -> 177500 | M15: =E15*33600 -> 0 | P15: =H15*26700 -> 480600 | R15: =SUM(K15:Q15) -> 658100 | S15: =(C15+D15+E15+F15+I15+H15+G15)*14876 -> 342148
A16: 비즈핑키니800 | C16: 15 | H16: 47 | J16: =C16+D16+E16+F16+G16+I16+H16 -> 62 | K16: =C16*40000 -> 600000 | M16: =E16*35500 -> 0 | P16: =H16*30000 -> 1410000 | R16: =SUM(K16:Q16) -> 2010000 | S16: =(C16+D16+E16+F16+I16+H16+G16)*15958 -> 989396
A17: 선샤인비즈 | C17: 29 | H17: 337 | J17: =C17+D17+E17+F17+G17+I17+H17 -> 366 | K17: =C17*30000 -> 870000 | M17: =E17*20000 -> 0 | P17: =H17*19800 -> 6672600 | R17: =SUM(K17:Q17) -> 7542600 | S17: =(C17+D17+E17+F17+I17+H17+G17)*13262 -> 4853892
A18: 비즈하이브리드5KG | C18: 3 | E18: 5 | H18: 16 | J18: =C18+D18+E18+F18+G18+I18+H18 -> 24 | K18: =C18*190000 -> 570000 | M18: =E18*154000 -> 770000 | P18: =H18*142500 -> 2280000 | R18: =SUM(K18:Q18) -> 3620000 | S18: =(C18+D18+E18+F18+I18+H18+G18)*89709 -> 2153016
A19: 비즈라벤다5KG | C19: 1 | E19: 1 | H19: 31 | J19: =C19+D19+E19+F19+G19+I19+H19 -> 33 | K19: =C19*190000 -> 190000 | M19: =E19*154000 -> 154000 | P19: =H19*142500 -> 4417500 | R19: =SUM(K19:Q19) -> 4761500 | S19: =(C19+D19+E19+F19+I19+H19+G19)*85201 -> 2811633
A20: 비즈로제트5KG | C20: 1 | H20: 15 | J20: =C20+D20+E20+F20+G20+I20+H20 -> 16 | K20: =C20*190000 -> 190000 | M20: =E20*154000 -> 0 | P20: =H20*142500 -> 2137500 | R20: =SUM(K20:Q20) -> 2327500 | S20: =(C20+D20+E20+F20+I20+H20+G20)*89709 -> 1435344
A21: 비즈핑키니5kg | C21: 8 | H21: 98 | J21: =C21+D21+E21+F21+G21+I21+H21 -> 106 | K21: =C21*206000 -> 1648000 | M21: =E21*171000 -> 0 | P21: =H21*154500 -> 15141000 | R21: =SUM(K21:Q21) -> 16789000 | S21: =(C21+D21+E21+F21+I21+H21+G21)*96471 -> 10225926
A22: 데저트500 | J22: =C22+D22+E22+F22+G22+I22+H22 -> 0 | K22: =C22*25000 -> 0 | R22: =SUM(K22:Q22) -> 0 | S22: =(C22+D22+E22+F22+I22+H22+G22)*6110 -> 0
A23: 핑키니500g | J23: =C23+D23+E23+F23+G23+I23+H23 -> 0 | K23: =C23*25000 -> 0 | R23: =SUM(K23:Q23) -> 0 | S23: =(C23+D23+E23+F23+I23+H23+G23)*7100 -> 0
A24: 500g총합계 | C24: =SUM(C7:C23) -> 211 | D24: =SUM(D7:D23) -> 0 | E24: =SUM(E7:E23) -> 6 | F24: =SUM(F7:F23) -> 4 | G24: =SUM(G7:G23) -> 0 | H24: =SUM(H7:H23) -> 575 | I24: =SUM(I7:I23) -> 0 | J24: =SUM(J7:J23) -> 796 | ... S24: =SUM(S7:S23) -> 24344668
A25: 컵비즈왁스(로제트) | B25: P00000ZB | C25: 2 | F25: 1 | J25: =SUM(C25:I25) -> 3 | K25: =C25*6200 -> 12400 | N25: =F25*5580 -> 5580 | O25: =G25*4340 -> 0 | R25: =SUM(K25:Q25) -> 17980 | S25: =(C25+D25+E25+F25+I25+G25+H25)*3923 -> 11769
A26: 컵비즈왁스(라벤다) | C26: 4 | F26: 8 | G26: 1 | J26: =SUM(C26:I26) -> 13 | K26: =C26*6200 -> 24800 | N26: =F26*5580 -> 44640 | O26: =G26*4340 -> 4340 | R26: =SUM(K26:Q26) -> 73780 | S26: =(C26+D26+E26+F26+I26+G26+H26)*3923 -> 50999
A27: 컵비즈왁스(하이브리드) | C27: 2 | F27: 3 | J27: =SUM(C27:I27) -> 5 | K27: =C27*6200 -> 12400 | N27: =F27*5580 -> 16740 | O27: =G27*4340 -> 0 | R27: =SUM(K27:Q27) -> 29140 | S27: =(C27+D27+E27+F27+I27+G27+H27)*3923 -> 19615
A28: 컵비즈왁스(핑키니) | C28: 7 | F28: 3 | G28: 1 | J28: =SUM(C28:I28) -> 11 | K28: =C28*6200 -> 43400 | N28: =F28*5580 -> 16740 | O28: =G28*4340 -> 4340 | R28: =SUM(K28:Q28) -> 64480 | S28: =(C28+D28+E28+F28+I28+G28+H28)*3923 -> 43153
A29: 핑키니하드 | B29: P00000UH | C29: 40 | E29: 149 | F29: 317 | H29: 148 | J29: =SUM(C29:I29) -> 654 | K29: =C29*40000 -> 1600000 | L29: =D29*30800 -> 0 | M29: =E29*30800 -> 4589200 | N29: =F29*34000 -> 10778000 | P29: =H29*34000 -> 5032000 | R29: =SUM(K29:Q29) -> 21999200 | S29: =(C29+D29+E29+F29+I29+G29+H29)*17852 -> 11675208
A30: 루비1kg | B30: P00000TI | C30: 14 | E30: 56 | F30: 336 | H30: 15 | J30: =SUM(C30:I30) -> 421 | K30: =C30*37800 -> 529200 | L30: =D30*27800 -> 0 | M30: =E30*27800 -> 1556800 | N30: =F30*32130 -> 10795680 | P30: =H30*32130 -> 481950 | R30: =SUM(K30:Q30) -> 13363630 | S30: =(C30+D30+E30+F30+I30+G30+H30)*15958 -> 6718318
A31: 데저트 | B31: P00000BY | C31: 56 | E31: 214 | F31: 459 | H31: 396 | J31: =SUM(C31:I31) -> 1125 | K31: =C31*37800 -> 2116800 | L31: =D31*27800 -> 0 | M31: =E31*27800 -> 5949200 | N31: =F31*32130 -> 14747670 | P31: =H31*32130 -> 12723480 | R31: =SUM(K31:Q31) -> 35537150 | S31: =(C31+D31+E31+F31+I31+G31+H31)*15958 -> 17952750
A32: 라벤더 | B32: P00000BZ | C32: 34 | E32: 84 | F32: 152 | H32: 90 | J32: =SUM(C32:I32) -> 360 | K32: =C32*37800 -> 1285200 | L32: =D32*27800 -> 0 | M32: =E32*27800 -> 2335200 | N32: =F32*32130 -> 4883760 | P32: =H32*32130 -> 2891700 | R32: =SUM(K32:Q32) -> 11395860 | S32: =(C32+D32+E32+F32+I32+G32+H32)*15958 -> 5744880
A33: 로제트 | B33: P00000CH | C33: 36 | E33: 157 | F33: 312 | G33: 1 | H33: 160 | J33: =SUM(C33:I33) -> 666 | K33: =C33*37800 -> 1360800 | L33: =D33*27800 -> 0 | M33: =E33*27800 -> 4364600 | N33: =F33*32130 -> 10024560 | O33: =G33*30240 -> 30240 | P33: =H33*32130 -> 5140800 | R33: =SUM(K33:Q33) -> 20921000 | S33: =(C33+D33+E33+F33+I33+G33+H33)*16680 -> 11108880
A34: 맨니피코 | B34: P00000CG | C34: 35 | E34: 89 | F34: 322 | H34: 243 | J34: =SUM(C34:I34) -> 689 | K34: =C34*37800 -> 1323000 | L34: =D34*27800 -> 0 | M34: =E34*27800 -> 2474200 | N34: =F34*32130 -> 10345860 | P34: =H34*32130 -> 7807590 | R34: =SUM(K34:Q34) -> 21950650 | S34: =(C34+D34+E34+F34+I34+G34+H34)*16680 -> 11492520
A35: 올리브 | B35: P00000CA | J35: =SUM(C35:I35) -> 0 | K35: =C35*37800 -> 0 | L35: =D35*27800 -> 0 | M35: =E35*27800 -> 0 | N35: =F35*32130 -> 0 | P35: =H35*32130 -> 0 | R35: =SUM(K35:Q35) -> 0 | S35: =(C35+D35+E35+F35+I35+G35+H35)*16680 -> 0
A36: 바닐라 | B36: P00000BW | C36: 15 | E36: 12 | F36: 36 | H36: 40 | J36: =SUM(C36:I36) -> 103 | K36: =C36*37800 -> 567000 | L36: =D36*27800 -> 0 | M36: =E36*27800 -> 333600 | N36: =F36*32130 -> 1156680 | P36: =H36*32130 -> 1285200 | R36: =SUM(K36:Q36) -> 3342480 | S36: =(C36+D36+E36+F36+I36+G36+H36)*16680 -> 1718040
A37: 소베리 | B37: P00000CI | C37: 4 | F37: 1 | J37: =SUM(C37:I37) -> 5 | K37: =C37*37800 -> 151200 | L37: =D37*27800 -> 0 | M37: =E37*27800 -> 0 | N37: =F37*32130 -> 32130 | P37: =H37*32130 -> 0 | R37: =SUM(K37:Q37) -> 183330 | S37: =(C37+D37+E37+F37+I37+G37+H37)*16680 -> 83400
A38: 아쥴렌 | B38: P00000CE | C38: 4 | E38: 20 | F38: 46 | H38: 33 | J38: =SUM(C38:I38) -> 103 | K38: =C38*37800 -> 151200 | L38: =D38*27800 -> 0 | M38: =E38*27800 -> 556000 | N38: =F38*32130 -> 1477980 | P38: =H38*32130 -> 1060290 | R38: =SUM(K38:Q38) -> 3245470 | S38: =(C38+D38+E38+F38+I38+G38+H38)*16680 -> 1718040
A39: 액티브골드 | B39: P00000KH | J39: =SUM(C39:I39) -> 0 | K39: =C39*37800 -> 0 | L39: =D39*27800 -> 0 | M39: =E39*27800 -> 0 | N39: =F39*32130 -> 0 | P39: =H39*32130 -> 0 | R39: =SUM(K39:Q39) -> 0 | S39: =(C39+D39+E39+F39+I39+G39+H39)*15688 -> 0
A40: 알로에 | B40: P00000CD | C40: 7 | E40: 14 | F40: 102 | H40: 85 | J40: =SUM(C40:I40) -> 208 | K40: =C40*37800 -> 264600 | L40: =D40*27800 -> 0 | M40: =E40*27800 -> 389200 | N40: =F40*32130 -> 3277260 | P40: =H40*32130 -> 2731050 | R40: =SUM(K40:Q40) -> 6662110 | S40: =(C40+D40+E40+F40+I40+G40+H40)*15688 -> 3263104
A41: 아프리콧 | B41: P00000CF | C41: 6 | F41: 1 | J41: =SUM(C41:I41) -> 7 | K41: =C41*37800 -> 226800 | L41: =D41*27800 -> 0 | M41: =E41*27800 -> 0 | N41: =F41*32130 -> 32130 | P41: =H41*32130 -> 0 | R41: =SUM(K41:Q41) -> 258930 | S41: =(C41+D41+E41+F41+I41+G41+H41)*15688 -> 109816
J42: =SUM(C42:I42) -> 0
J43: =SUM(C43:I43) -> 0 | K43: =C43*36000 -> 0 | L43: =D43*28000 -> 0
A44: 1kg총합계 | C44: =SUM(C29:C43) -> 251 | D44: =SUM(D29:D43) -> 0 | E44: =SUM(E29:E43) -> 795 | F44: =SUM(F29:F43) -> 2084 | G44: =SUM(G29:G43) -> 1 | H44: =SUM(H29:H43) -> 1210 | I44: =SUM(I29:I43) -> 0 | J44: =SUM(J29:J43) -> 4341 | K44: =SUM(K25:K43) -> 9668800 | L44: =SUM(L25:L43) -> 0 | M44: =SUM(M25:M43) -> 22548000 | N44: =SUM(N25:N43) -> 67635410 | O44: =SUM(O25:O43) -> 38920 | P44: =SUM(P25:P43) -> 39154060 | Q44: =SUM(Q25:Q43) -> 0 | R44: =SUM(R25:R43) -> 139045190 | S44: =SUM(S25:S43) -> 71710492
C45: 도매 | D45: 인증살롱 | E45: 마스터 | F45: 할인행사 | H45: 할인+증정 | J45: 합계
D46: P00000VT | E46: P00000QF | F46: P00000VN | G46: 0.15
A47: 스트립왁스 | F47: P00000YU | G47: 바디스타터키트 | K47: 도매 | L47: 인증살롱/마스터 | N47: 할인 | O47: 세트할인 | P47: 할인+증정 | R47: 품목별합계 | S47: 원가
A48: S_화이트 | B48: P00000CQ | C48: 26 | E48: 84 | F48: 220 | J48: =SUM(C48:I48) -> 330 | K48: =C48*35700 -> 928200 | L48: =D48*25400 -> 0 | M48: =E48*25400 -> 2133600 | N48: =F48*29500 -> 6490000 | P48: =H48*29500 -> 0 | R48: =SUM(K48:Q48) -> 9551800 | S48: =(C48+D48+E48+F48+I48+H48+G48)*14155 -> 4671150
A49: S_슈퍼베리 | B49: P00000CL | C49: 4 | F49: 38 | J49: =SUM(C49:I49) -> 42 | K49: =C49*35700 -> 142800 | L49: =D49*25400 -> 0 | M49: =E49*25400 -> 0 | N49: =F49*29500 -> 1121000 | P49: =H49*29500 -> 0 | R49: =SUM(K49:Q49) -> 1263800 | S49: =(C49+D49+E49+F49+I49+H49+G49)*14155 -> 594510
A50: S_로제트 | B50: P00000CO | C50: 4 | F50: 12 | J50: =SUM(C50:I50) -> 16 | K50: =C50*34700 -> 138800 | L50: =D50*25400 -> 0 | M50: =E50*25400 -> 0 | N50: =F50*29500 -> 354000 | P50: =H50*29500 -> 0 | R50: =SUM(K50:Q50) -> 492800 | S50: =(C50+D50+E50+F50+I50+H50+G50)*13975 -> 223600
A51: S_맨니피코 | B51: P00000CW | C51: 10 | F51: 71 | J51: =SUM(C51:I51) -> 81 | K51: =C51*34700 -> 347000 | L51: =D51*25400 -> 0 | M51: =E51*25400 -> 0 | N51: =F51*29500 -> 2094500 | P51: =H51*29500 -> 0 | R51: =SUM(K51:Q51) -> 2441500 | S51: =(C51+D51+E51+F51+I51+H51+G51)*13975 -> 1131975
A52: S_올리브 | B52: P00000CN | J52: =SUM(C52:I52) -> 0 | K52: =C52*34700 -> 0 | L52: =D52*25400 -> 0 | M52: =E52*25400 -> 0 | N52: =F52*29500 -> 0 | P52: =H52*29500 -> 0 | R52: =SUM(K52:Q52) -> 0 | S52: =(C52+D52+E52+F52+I52+H52+G52)*13975 -> 0
A53: S_바닐라 | B53: P00000CM | C53: 2 | F53: 16 | G53: 1 | J53: =SUM(C53:I53) -> 19 | K53: =C53*34700 -> 69400 | L53: =D53*25400 -> 0 | M53: =E53*25400 -> 0 | N53: =F53*29500 -> 472000 | O53: =G53*27760 -> 27760 | P53: =H53*29500 -> 0 | R53: =SUM(K53:Q53) -> 569160 | S53: =(C53+D53+E53+F53+I53+H53+G53)*13975 -> 265525
A54: S_소베리 | B54: P00000CT | C54: 6 | F54: 45 | J54: =SUM(C54:I54) -> 51 | K54: =C54*34700 -> 208200 | L54: =D54*25400 -> 0 | M54: =E54*25400 -> 0 | N54: =F54*29500 -> 1327500 | P54: =H54*29500 -> 0 | R54: =SUM(K54:Q54) -> 1535700 | S54: =(C54+D54+E54+F54+I54+H54+G54)*13975 -> 712725
A55: S_아쥴렌 | B55: P00000CU | J55: =SUM(C55:I55) -> 0 | K55: =C55*34700 -> 0 | L55: =D55*25400 -> 0 | M55: =E55*25400 -> 0 | N55: =F55*29500 -> 0 | P55: =H55*29500 -> 0 | R55: =SUM(K55:Q55) -> 0 | S55: =(C55+D55+E55+F55+I55+H55+G55)*13975 -> 0
A56: S_액티브골드 | B56: P00000CP | F56: 44 | J56: =SUM(C56:I56) -> 44 | K56: =C56*34700 -> 0 | L56: =D56*25400 -> 0 | M56: =E56*25400 -> 0 | N56: =F56*29500 -> 1298000 | P56: =H56*29500 -> 0 | R56: =SUM(K56:Q56) -> 1298000 | S56: =(C56+D56+E56+F56+I56+H56+G56)*13434 -> 591096
A57: S_알로에 | B57: P00000CS | C57: 19 | F57: 140 | J57: =SUM(C57:I57) -> 159 | K57: =C57*34700 -> 659300 | L57: =D57*25400 -> 0 | M57: =E57*25400 -> 0 | N57: =F57*29500 -> 4130000 | P57: =H57*29500 -> 0 | R57: =SUM(K57:Q57) -> 4789300 | S57: =(C57+D57+E57+F57+I57+H57+G57)*13975 -> 2222025
A58: S_아프리콧 | B58: P00000CR | C58: 4 | F58: 16 | J58: =SUM(C58:I58) -> 20 | K58: =C58*34700 -> 138800 | L58: =D58*25400 -> 0 | M58: =E58*25400 -> 0 | N58: =F58*29500 -> 472000 | P58: =H58*29500 -> 0 | R58: =SUM(K58:Q58) -> 610800 | S58: =(C58+D58+E58+F58+I58+H58+G58)*13434 -> 268680
A59: S_소여미 | B59: P00000CV | J59: =SUM(C59:I59) -> 0 | K59: =C59*34700 -> 0 | L59: =D59*25400 -> 0 | M59: =E59*25400 -> 0 | N59: =F59*29500 -> 0 | P59: =H59*29500 -> 0 | R59: =SUM(K59:Q59) -> 0 | S59: =(C59+D59+E59+F59+I59+H59+G59)*13975 -> 0
J60: =SUM(C60:I60) -> 0
A61: 총합계 | C61: =SUM(C48:C60) -> 75 | D61: =SUM(D48:D60) -> 0 | E61: =SUM(E48:E60) -> 84 | F61: =SUM(F48:F60) -> 602 | H61: =SUM(H48:H60) -> 0 | I61: =SUM(I48:I60) -> 0 | J61: =SUM(J48:J60) -> 762 | K61: =SUM(K48:K60) -> 2632500 | L61: =SUM(L48:L60) -> 0 | M61: =SUM(M48:M60) -> 2133600 | N61: =SUM(N48:N60) -> 17759000 | O61: =SUM(O48:O60) -> 27760 | ... S61: =SUM(S48:S60) -> 10681286
C62: 도매 | D62: 인증살롱 | E62: 마스터
D63: P00000VU | E63: P00000QG | F63: 할인행사 | J63: 합계
D64: P00000VV | E64: P00000QH
C65: 5종미니 | D65: P00000WO | E65: P00000UF | F65: P00000YU | G65: 바디스타터키트
D66: P00000XC | E66: P00000WZ
A67: 전후처리제 | I67: 증정 | K67: 도매 | L67: 인증살롱/마스터 | N67: 할인 | O67: 세트할인 | P67: 할인+증정 | R67: 품목별합계 | S67: 원가
A68: 스킨클렌저500 | B68: P00000BP | C68: 153 | E68: 15 | J68: =SUM(C68:I68) -> 168 | K68: =C68*25200 -> 3855600 | L68: =D68*21000 -> 0 | M68: =E68*21000 -> 315000 | R68: =SUM(K68:Q68) -> 4170600 | S68: =(C68+D68+E68+F68+I68+G68+H68)*7032 -> 1181376
A69: 스킨클렌저1000 | B69: P0000BAJ | E69: 6 | J69: =SUM(C69:I69) -> 6 | K69: =C69*47000 -> 0 | L69: =D69*39600 -> 0 | M69: =E69*39600 -> 237600 | R69: =SUM(K69:Q69) -> 237600 | S69: =(C69+D69+E69+F69+I69+G69+H69)*11631 -> 69786
A70: 프리왁싱오일500 | B70: P00000BQ | C70: 121 | E70: 15 | J70: =SUM(C70:I70) -> 136 | K70: =C70*29400 -> 3557400 | L70: =D70*25000 -> 0 | M70: =E70*25000 -> 375000 | R70: =SUM(K70:Q70) -> 3932400 | S70: =(C70+D70+E70+F70+I70+G70+H70)*8565 -> 1164840
A71: 프리1000 | B71: P0000BAJ | E71: 3 | J71: =SUM(C71:I71) -> 3 | K71: =C71*47000 -> 0 | L71: =D71*39600 -> 0 | M71: =E71*39600 -> 118800 | R71: =SUM(K71:Q71) -> 118800 | S71: =(C71+D71+E71+F71+I71+G71+H71)*13073 -> 39219
A72: 티트리퍼팩 | B72: P00000BR | C72: 33 | E72: 3 | J72: =SUM(C72:I72) -> 36 | K72: =C72*25200 -> 831600 | L72: =D72*21000 -> 0 | M72: =E72*21000 -> 63000 | R72: =SUM(K72:Q72) -> 894600 | S72: =(C72+D72+E72+F72+I72+G72+H72)*7032 -> 253152
A73: 티트리수드500 | B73: P00000BS | C73: 32 | E73: 5 | J73: =SUM(C73:I73) -> 37 | K73: =C73*29400 -> 940800 | L73: =D73*25000 -> 0 | M73: =E73*25000 -> 125000 | R73: =SUM(K73:Q73) -> 1065800 | S73: =(C73+D73+E73+F73+I73+G73+H73)*8565 -> 316905
A74: 티트리수드1000 | B74: P0000BAJ | E74: 2 | J74: =SUM(C74:I74) -> 2 | K74: =C74*47000 -> 0 | L74: =D74*39600 -> 0 | M74: =E74*39600 -> 79200 | R74: =SUM(K74:Q74) -> 79200 | S74: =(C74+D74+E74+F74+I74+G74+H74)*13073 -> 26146
A75: 수딩크림500 | B75: P00000KP | C75: 4 | E75: 2 | J75: =SUM(C75:I75) -> 6 | K75: =C75*29400 -> 117600 | L75: =D75*25000 -> 0 | M75: =E75*25000 -> 50000 | R75: =SUM(K75:Q75) -> 167600 | S75: =(C75+D75+E75+F75+I75+G75+H75)*8926 -> 53556
A76: 솔벤트500 | B76: P00000BT | J76: =SUM(C76:I76) -> 0 | K76: =C76*25200 -> 0 | L76: =D76*21000 -> 0 | M76: =E76*21000 -> 0 | R76: =SUM(K76:Q76) -> 0 | S76: =(C76+D76+E76+F76+I76+G76+H76)*7032 -> 0
A77: 솔벤트1000 | B77: P0000BMW | C77: 36 | E77: 1 | J77: =SUM(C77:I77) -> 37 | K77: =C77*47000 -> 1692000 | L77: =D77*39600 -> 0 | M77: =E77*39600 -> 39600 | R77: =SUM(K77:Q77) -> 1731600 | S77: =(C77+D77+E77+F77+I77+G77+H77)*11631 -> 430347
A78: 핑키니스킨500 | B78: P00000PN | C78: 13 | E78: 4 | J78: =SUM(C78:I78) -> 17 | K78: =C78*29400 -> 382200 | L78: =D78*25000 -> 0 | M78: =E78*25000 -> 100000 | R78: =SUM(K78:Q78) -> 482200 | S78: =(C78+D78+E78+F78+I78+G78+H78)*8926 -> 151742
A79: 핑키니프리500 | B79: P00000PN | C79: 19 | E79: 3 | J79: =SUM(C79:I79) -> 22 | K79: =C79*29400 -> 558600 | L79: =D79*25000 -> 0 | M79: =E79*25000 -> 75000 | R79: =SUM(K79:Q79) -> 633600 | S79: =(C79+D79+E79+F79+I79+G79+H79)*8926 -> 196372
A80: 핑키니피니싱500 | B80: P00000PN | C80: 8 | E80: 1 | J80: =SUM(C80:I80) -> 9 | K80: =C80*29400 -> 235200 | L80: =D80*25000 -> 0 | M80: =E80*25000 -> 25000 | R80: =SUM(K80:Q80) -> 260200 | S80: =(C80+D80+E80+F80+I80+G80+H80)*8926 -> 80334
A81: 5종미니125미리 | B81: P00000BU | C81: 13 | E81: 1 | F81: 1 | J81: =SUM(C81:I81) -> 15 | K81: =C81*47000 -> 611000 | L81: =D81*35200 -> 0 | M81: =E81*35200 -> 35200 | O81: =F81*37600 -> 37600 | R81: =SUM(K81:Q81) -> 683800 | S81: =(C81+D81+E81+F81+I81+G81+H81)*18934 -> 284010
A82: 맨니스킨250 | B82: P00000XD | C82: 14 | J82: =SUM(C82:I82) -> 14 | K82: =C82*16800 -> 235200 | L82: =D82*12100 -> 0 | M82: =E82*12100 -> 0 | O82: =F82*9000 -> 0 | R82: =SUM(K82:Q82) -> 235200 | S82: =(C82+D82+E82+F82+I82+G82+H82)*5319 -> 74466
A83: 맨니오일250 | B83: P00000XD | C83: 2 | J83: =SUM(C83:I83) -> 2 | K83: =C83*16800 -> 33600 | L83: =D83*12100 -> 0 | M83: =E83*12100 -> 0 | O83: =F83*9000 -> 0 | R83: =SUM(K83:Q83) -> 33600 | S83: =(C83+D83+E83+F83+I83+G83+H83)*5319 -> 10638
A84: 맨니피니싱250 | B84: P00000XD | C84: 14 | J84: =SUM(C84:I84) -> 14 | K84: =C84*16800 -> 235200 | L84: =D84*12100 -> 0 | M84: =E84*12100 -> 0 | O84: =F84*9000 -> 0 | R84: =SUM(K84:Q84) -> 235200 | S84: =(C84+D84+E84+F84+I84+G84+H84)*5319 -> 74466
C85: 도매 | D85: 인증살롱 | E85: 마스터 | F85: 할인행사 | H85: 증정행사 | J85: 합계 | K85: =SUM(K68:K84) -> 13286000 | L85: =SUM(L68:L84) -> 0 | M85: =SUM(M68:M84) -> 1638400 | N85: =SUM(N68:N84) -> 0 | O85: =SUM(O68:O84) -> 37600 | P85: =SUM(P68:P84) -> 0 | Q85: =SUM(Q68:Q84) -> 0 | R85: =SUM(R68:R84) -> 14962000 | S85: =SUM(S68:S84) -> 4407355
D86: P00000WC | E86: P00000QP | F86: P00000VP | G86: 라2,코코3
A87: 슈거스크럽 | D87: P00000WE | E87: P00000QQ | F87: 미니묶음 | G87: 석3,자2 | K87: 도매 | L87: 인증살롱/마스터 | N87: 할인 | O87: 세트할인 | P87: 할인+증정 | Q87: 증정 | R87: 품목별합계 | S87: 도매,마스터원가
A88: 석류520 | B88: P00000BN | C88: 117 | E88: 6 | J88: =SUM(C88:I88) -> 123 | K88: =C88*18900 -> 2211300 | L88: =D88*15400 -> 0 | M88: =E88*15400 -> 92400 | P88: =H88*18000 -> 0 | R88: =SUM(K88:Q88) -> 2303700 | S88: =J88*7734 -> 951282
A89: 자몽520 | B89: P00000BN | C89: 143 | E89: 19 | J89: =SUM(C89:I89) -> 162 | K89: =C89*18900 -> 2702700 | L89: =D89*15400 -> 0 | M89: =E89*15400 -> 292600 | P89: =H89*18000 -> 0 | R89: =SUM(K89:Q89) -> 2995300 | S89: =J89*7734 -> 1252908
A90: 라벤더520 | B90: P00000BN | C90: 108 | E90: 10 | J90: =SUM(C90:I90) -> 118 | K90: =C90*18900 -> 2041200 | L90: =D90*15400 -> 0 | M90: =E90*15400 -> 154000 | P90: =H90*18000 -> 0 | R90: =SUM(K90:Q90) -> 2195200 | S90: =J90*7734 -> 912612
A91: 코코넛520 | B91: P00000BN | C91: 78 | E91: 10 | J91: =SUM(C91:I91) -> 88 | K91: =C91*18900 -> 1474200 | L91: =D91*15400 -> 0 | M91: =E91*15400 -> 154000 | P91: =H91*18000 -> 0 | R91: =SUM(K91:Q91) -> 1628200 | S91: =J91*7734 -> 680592
A92: 애플520 | B92: P00000BN | C92: 61 | E92: 17 | J92: =SUM(C92:I92) -> 78 | K92: =C92*18900 -> 1152900 | L92: =D92*15400 -> 0 | M92: =E92*15400 -> 261800 | P92: =H92*18000 -> 0 | R92: =SUM(K92:Q92) -> 1414700 | S92: =J92*7734 -> 603252
A93: 망고520 | B93: P00000BN | C93: 56 | E93: 10 | J93: =SUM(C93:I93) -> 66 | K93: =C93*18900 -> 1058400 | L93: =D93*15400 -> 0 | M93: =E93*15400 -> 154000 | P93: =H93*18000 -> 0 | R93: =SUM(K93:Q93) -> 1212400 | S93: =J93*7734 -> 510444
A94: 석류100 | B94: P00000OG | C94: 70 | E94: 17 | F94: 693 | J94: =SUM(C94:I94) -> 780 | K94: =C94*8400 -> 588000 | L94: =D94*6600 -> 0 | M94: =E94*6600 -> 112200 | N94: =F94*6720 -> 4656960 | R94: =SUM(K94:Q94) -> 5357160 | S94: =J94*2880 -> 2246400
A95: 자몽100 | B95: P00000OG | C95: 94 | E95: 70 | F95: 432 | J95: =SUM(C95:I95) -> 596 | K95: =C95*8400 -> 789600 | L95: =D95*6600 -> 0 | M95: =E95*6600 -> 462000 | N95: =F95*6720 -> 2903040 | R95: =SUM(K95:Q95) -> 4154640 | S95: =J95*2880 -> 1716480
A96: 라벤더100 | B96: P00000OG | C96: 113 | E96: 26 | F96: 522 | J96: =SUM(C96:I96) -> 661 | K96: =C96*8400 -> 949200 | L96: =D96*6600 -> 0 | M96: =E96*6600 -> 171600 | N96: =F96*6720 -> 3507840 | R96: =SUM(K96:Q96) -> 4628640 | S96: =J96*2880 -> 1903680
A97: 코코넛100 | B97: P00000OG | C97: 39 | E97: 7 | F97: 513 | J97: =SUM(C97:I97) -> 559 | K97: =C97*8400 -> 327600 | L97: =D97*6600 -> 0 | M97: =E97*6600 -> 46200 | N97: =F97*6720 -> 3447360 | R97: =SUM(K97:Q97) -> 3821160 | S97: =J97*2880 -> 1609920
A98: 애플100 | B98: P00000OG | C98: 76 | E98: 16 | J98: =SUM(C98:I98) -> 92 | K98: =C98*8400 -> 638400 | L98: =D98*6600 -> 0 | M98: =E98*6600 -> 105600 | N98: =F98*6720 -> 0 | R98: =SUM(K98:Q98) -> 744000 | S98: =J98*2880 -> 264960
A99: 망고100 | B99: P00000OG | C99: 53 | E99: 15 | J99: =SUM(C99:I99) -> 68 | K99: =C99*8400 -> 445200 | L99: =D99*6600 -> 0 | M99: =E99*6600 -> 99000 | N99: =F99*6720 -> 0 | R99: =SUM(K99:Q99) -> 544200 | S99: =J99*2880 -> 195840
A100: 520g합계 | C100: =SUM(C88:C99) -> 1008 | D100: =SUM(D88:D99) -> 0 | E100: =SUM(E88:E99) -> 223 | F100: =SUM(F88:F93) -> 0 | G100: =SUM(G88:G93) -> 0 | H100: =SUM(H88:H93) -> 0 | I100: =SUM(I88:I93) -> 0 | J100: =SUM(J88:J93) -> 635 | K100: =SUM(K88:K93) -> 10640700 | L100: =SUM(L88:L93) -> 0 | M100: =SUM(M88:M93) -> 1108800 | ... Q100: =SUM(Q88:Q93) -> 0
...

Sheet 상품코드_4월 
F1: P0000BLA | G1: 지사비즈4종
F2: P007000ZC | G2: 컵비즈왁스묶음(4종)
C3: 도매 | E3: 인증/마스터 | F3: P00000YZ | G3: 컵비즈세트 | H3: 할인+증정 | J3: 합계
E4: P00000QE | F4: P00000VM | G4: 묶음할인15%
E5: P00000QD | F5: P00000YS | G5: 스타터키트
A6: 하드왁스 | E6: P0000BLR | F6: P00000YU | G6: 바디스타터키트 | K6: 도매 | L6: 인증살롱/마스터 | N6: 할인 | O6: 스타터세트할인 | P6: 할인+증정 | Q6: 컵비즈세트할인 | R6: 품목별합계 | S6: 원가
A7: 라이코젯아이브로우500 | B7: P00000HT | C7: 75 | F7: 2 | J7: =C7+D7+E7+F7+G7+I7+H7 -> 77 | K7: =C7*26300 -> 1972500 | L7: =D7*19200 -> 0 | M7: =E7*19200 -> 0 | O7: =F7*21040 -> 42080 | R7: =SUM(K7:Q7) -> 2014580 | S7: =(C7+D7+E7+F7+I7+H7+G7)*8655 -> 666435
A8: 라이코드림하이브리드500 | B8: P00000BV | C8: 5 | J8: =C8+D8+E8+F8+G8+I8+H8 -> 5 | K8: =C8*26300 -> 131500 | L8: =D8*19200 -> 0 | M8: =E8*19200 -> 0 | O8: =F8*20000 -> 0 | R8: =SUM(K8:Q8) -> 131500 | S8: =(C8+D8+E8+F8+I8+H8+G8)*8926 -> 44630
A9: 라이코넥화이트500 | B9: P00000CB | C9: 5 | J9: =C9+D9+E9+F9+G9+I9+H9 -> 5 | K9: =C9*26300 -> 131500 | L9: =D9*19200 -> 0 | M9: =E9*19200 -> 0 | O9: =F9*20000 -> 0 | R9: =SUM(K9:Q9) -> 131500 | S9: =(C9+D9+E9+F9+I9+H9+G9)*8926 -> 44630
A10: 라이코텍슈퍼베리500 | B10: P00000BX | E10: 24 | J10: =C10+D10+E10+F10+G10+I10+H10 -> 24 | K10: =C10*26300 -> 0 | L10: =D10*19200 -> 0 | M10: =E10*19200 -> 460800 | O10: =F10*20000 -> 0 | R10: =SUM(K10:Q10) -> 460800 | S10: =(C10+D10+E10+F10+I10+H10+G10)*8926 -> 214224
A11: 루비500g | J11: =C11+D11+E11+F11+G11+I11+H11 -> 0 | K11: =C11*26300 -> 0 | L11: =D11*19200 -> 0 | M11: =E11*19200 -> 0 | O11: =F11*20000 -> 0 | R11: =SUM(K11:Q11) -> 0 | S11: =(C11+D11+E11+G11+F11+I11+H11)*7042 -> 0
A12: 맨니피코하이브리드500 | B12: P00000XE | C12: 6 | J12: =C12+D12+E12+F12+G12+I12+H12 -> 6 | K12: =C12*26300 -> 157800 | O12: =F12*20000 -> 0 | R12: =SUM(K12:Q12) -> 157800 | S12: =(C12+D12+E12+F12+I12+H12+G12)*8926 -> 53556
A13: 라이코드림하이브리드비즈800 | B13: P0000BIF / P0000BLD / P0000BMJ P0000BMI / | J13: =C13+D13+E13+F13+G13+I13+H13 -> 0 | K13: =C13*35500 -> 0 | O13: =F13*27300 -> 0 | P13: =H13*26700 -> 0 | R13: =SUM(K13:Q13) -> 0 | S13: =(C13+D13+E13+F13+I13+H13+G13)*14876 -> 0
A14: 라이코젯라벤다비즈800 | C14: 1 | J14: =C14+D14+E14+F14+G14+I14+H14 -> 1 | K14: =C14*35500 -> 35500 | M14: =E14*33600 -> 0 | P14: =H14*26700 -> 0 | R14: =SUM(K14:Q14) -> 35500 | S14: =(C14+D14+E14+F14+I14+H14+G14)*14065 -> 14065
A15: 로제트비즈800 | C15: 3 | J15: =C15+D15+E15+F15+G15+I15+H15 -> 3 | K15: =C15*35500 -> 106500 | M15: =E15*33600 -> 0 | P15: =H15*26700 -> 0 | R15: =SUM(K15:Q15) -> 106500 | S15: =(C15+D15+E15+F15+I15+H15+G15)*14876 -> 44628
A16: 핑키니하이브리드비즈800 | C16: 8 | J16: =C16+D16+E16+F16+G16+I16+H16 -> 8 | K16: =C16*40000 -> 320000 | M16: =E16*35500 -> 0 | P16: =H16*30000 -> 0 | R16: =SUM(K16:Q16) -> 320000 | S16: =(C16+D16+E16+F16+I16+H16+G16)*15958 -> 127664
A17: 선샤인비즈왁스800 | C17: 30 | E17: 18 | J17: =C17+D17+E17+F17+G17+I17+H17 -> 48 | K17: =C17*30000 -> 900000 | M17: =E17*20000 -> 360000 | P17: =H17*19800 -> 0 | R17: =SUM(K17:Q17) -> 1260000 | S17: =(C17+D17+E17+F17+I17+H17+G17)*13262 -> 636576
A18: 라이코드림하이브리드비즈5kg | C18: 2 | E18: 1 | J18: =C18+D18+E18+F18+G18+I18+H18 -> 3 | K18: =C18*190000 -> 380000 | M18: =E18*154000 -> 154000 | P18: =H18*142500 -> 0 | R18: =SUM(K18:Q18) -> 534000 | S18: =(C18+D18+E18+F18+I18+H18+G18)*89709 -> 269127
A19: 라이코젯라벤다비즈5kg | C19: 1 | E19: 2 | J19: =C19+D19+E19+F19+G19+I19+H19 -> 3 | K19: =C19*190000 -> 190000 | M19: =E19*154000 -> 308000 | P19: =H19*142500 -> 0 | R19: =SUM(K19:Q19) -> 498000 | S19: =(C19+D19+E19+F19+I19+H19+G19)*85201 -> 255603
A20: 로제트비즈5kg | C20: 2 | J20: =C20+D20+E20+F20+G20+I20+H20 -> 2 | K20: =C20*190000 -> 380000 | M20: =E20*154000 -> 0 | P20: =H20*142500 -> 0 | R20: =SUM(K20:Q20) -> 380000 | S20: =(C20+D20+E20+F20+I20+H20+G20)*89709 -> 179418
A21: 핑키니하이브리드비즈5kg | C21: 9 | E21: 3 | J21: =C21+D21+E21+F21+G21+I21+H21 -> 12 | K21: =C21*206000 -> 1854000 | M21: =E21*171000 -> 513000 | P21: =H21*154500 -> 0 | R21: =SUM(K21:Q21) -> 2367000 | S21: =(C21+D21+E21+F21+I21+H21+G21)*96471 -> 1157652
A22: 데저트500 | J22: =C22+D22+E22+F22+G22+I22+H22 -> 0 | K22: =C22*25000 -> 0 | R22: =SUM(K22:Q22) -> 0 | S22: =(C22+D22+E22+F22+I22+H22+G22)*6110 -> 0
A23: 핑키니500g | J23: =C23+D23+E23+F23+G23+I23+H23 -> 0 | K23: =C23*25000 -> 0 | R23: =SUM(K23:Q23) -> 0 | S23: =(C23+D23+E23+F23+I23+H23+G23)*7100 -> 0
A24: 500g총합계 | C24: =SUM(C7:C23) -> 147 | D24: =SUM(D7:D23) -> 0 | E24: =SUM(E7:E23) -> 48 | F24: =SUM(F7:F23) -> 2 | G24: =SUM(G7:G23) -> 0 | H24: =SUM(H7:H23) -> 0 | I24: =SUM(I7:I23) -> 0 | J24: =SUM(J7:J23) -> 197 | ... S24: =SUM(S7:S23) -> 3708208
A25: 라이콘컵왁스비즈(로제트) | B25: P00000ZB | C25: 2 | G25: 1 | J25: =SUM(C25:I25) -> 3 | K25: =C25*6200 -> 12400 | N25: =F25*5580 -> 0 | O25: =G25*4340 -> 4340 | R25: =SUM(K25:Q25) -> 16740 | S25: =(C25+D25+E25+F25+I25+G25+H25)*3923 -> 11769
A26: 라이콘컵왁스비즈(라벤다) | C26: 6 | G26: 1 | J26: =SUM(C26:I26) -> 7 | K26: =C26*6200 -> 37200 | N26: =F26*5580 -> 0 | O26: =G26*4340 -> 4340 | R26: =SUM(K26:Q26) -> 41540 | S26: =(C26+D26+E26+F26+I26+G26+H26)*3923 -> 27461
A27: 라이콘컵왁스비즈(하이브리드) | C27: 1 | F27: 5 | J27: =SUM(C27:I27) -> 6 | K27: =C27*6200 -> 6200 | N27: =F27*5580 -> 27900 | O27: =G27*4340 -> 0 | R27: =SUM(K27:Q27) -> 34100 | S27: =(C27+D27+E27+F27+I27+G27+H27)*3923 -> 23538
A28: 라이콘컵왁스비즈(핑키니) | C28: 6 | F28: 7 | J28: =SUM(C28:I28) -> 13 | K28: =C28*6200 -> 37200 | N28: =F28*5580 -> 39060 | O28: =G28*4340 -> 0 | R28: =SUM(K28:Q28) -> 76260 | S28: =(C28+D28+E28+F28+I28+G28+H28)*3923 -> 50999
A29: 핑키니하이브리드하드 | B29: P00000UH | C29: 44 | E29: 153 | F29: 917 | J29: =SUM(C29:I29) -> 1114 | K29: =C29*40000 -> 1760000 | L29: =D29*30800 -> 0 | M29: =E29*30800 -> 4712400 | N29: =F29*34000 -> 31178000 | P29: =H29*34000 -> 0 | R29: =SUM(K29:Q29) -> 37650400 | S29: =(C29+D29+E29+F29+I29+G29+H29)*17852 -> 19887128
A30: 루비하드 | B30: P00000TI | C30: 58 | E30: 312 | F30: 773 | J30: =SUM(C30:I30) -> 1143 | K30: =C30*37800 -> 2192400 | L30: =D30*27800 -> 0 | M30: =E30*27800 -> 8673600 | N30: =F30*32130 -> 24836490 | P30: =H30*32130 -> 0 | R30: =SUM(K30:Q30) -> 35702490 | S30: =(C30+D30+E30+F30+I30+G30+H30)*15958 -> 18239994
A31: 라이코젯데저트하드 | B31: P00000BY | C31: 31 | E31: 104 | F31: 670 | J31: =SUM(C31:I31) -> 805 | K31: =C31*37800 -> 1171800 | L31: =D31*27800 -> 0 | M31: =E31*27800 -> 2891200 | N31: =F31*32130 -> 21527100 | P31: =H31*32130 -> 0 | R31: =SUM(K31:Q31) -> 25590100 | S31: =(C31+D31+E31+F31+I31+G31+H31)*15958 -> 12846190
A32: 라이코젯라벤더하드 | B32: P00000BZ | C32: 15 | E32: 93 | F32: 216 | J32: =SUM(C32:I32) -> 324 | K32: =C32*37800 -> 567000 | L32: =D32*27800 -> 0 | M32: =E32*27800 -> 2585400 | N32: =F32*32130 -> 6940080 | P32: =H32*32130 -> 0 | R32: =SUM(K32:Q32) -> 10092480 | S32: =(C32+D32+E32+F32+I32+G32+H32)*15958 -> 5170392
A33: 로즈퓨어하드 | B33: P00000CH | C33: 11 | E33: 100 | F33: 268 | G33: 1 | J33: =SUM(C33:I33) -> 380 | K33: =C33*37800 -> 415800 | L33: =D33*27800 -> 0 | M33: =E33*27800 -> 2780000 | N33: =F33*32130 -> 8610840 | O33: =G33*30240 -> 30240 | P33: =H33*32130 -> 0 | R33: =SUM(K33:Q33) -> 11836880 | S33: =(C33+D33+E33+F33+I33+G33+H33)*16680 -> 6338400
A34: 맨니피코하드 | B34: P00000CG | C34: 27 | E34: 104 | F34: 419 | J34: =SUM(C34:I34) -> 550 | K34: =C34*37800 -> 1020600 | L34: =D34*27800 -> 0 | M34: =E34*27800 -> 2891200 | N34: =F34*32130 -> 13462470 | P34: =H34*32130 -> 0 | R34: =SUM(K34:Q34) -> 17374270 | S34: =(C34+D34+E34+F34+I34+G34+H34)*16680 -> 9174000
A35: 올리브하드 | B35: P00000CA | J35: =SUM(C35:I35) -> 0 | K35: =C35*37800 -> 0 | L35: =D35*27800 -> 0 | M35: =E35*27800 -> 0 | N35: =F35*32130 -> 0 | P35: =H35*32130 -> 0 | R35: =SUM(K35:Q35) -> 0 | S35: =(C35+D35+E35+F35+I35+G35+H35)*16680 -> 0
A36: 라이코플렉스바닐라하드 | B36: P00000BW | C36: 7 | E36: 9 | F36: 43 | J36: =SUM(C36:I36) -> 59 | K36: =C36*37800 -> 264600 | L36: =D36*27800 -> 0 | M36: =E36*27800 -> 250200 | N36: =F36*32130 -> 1381590 | P36: =H36*32130 -> 0 | R36: =SUM(K36:Q36) -> 1896390 | S36: =(C36+D36+E36+F36+I36+G36+H36)*16680 -> 984120
A37: 소베리딜리셔스하드 | B37: P00000CI | C37: 6 | E37: 50 | F37: 135 | J37: =SUM(C37:I37) -> 191 | K37: =C37*37800 -> 226800 | L37: =D37*27800 -> 0 | M37: =E37*27800 -> 1390000 | N37: =F37*32130 -> 4337550 | P37: =H37*32130 -> 0 | R37: =SUM(K37:Q37) -> 5954350 | S37: =(C37+D37+E37+F37+I37+G37+H37)*16680 -> 3185880
A38: 아쥴렌하드 | B38: P00000CE | C38: 5 | E38: 11 | F38: 46 | J38: =SUM(C38:I38) -> 62 | K38: =C38*37800 -> 189000 | L38: =D38*27800 -> 0 | M38: =E38*27800 -> 305800 | N38: =F38*32130 -> 1477980 | P38: =H38*32130 -> 0 | R38: =SUM(K38:Q38) -> 1972780 | S38: =(C38+D38+E38+F38+I38+G38+H38)*16680 -> 1034160
A39: 액티브골드 | B39: P00000KH | J39: =SUM(C39:I39) -> 0 | K39: =C39*37800 -> 0 | L39: =D39*27800 -> 0 | M39: =E39*27800 -> 0 | N39: =F39*32130 -> 0 | P39: =H39*32130 -> 0 | R39: =SUM(K39:Q39) -> 0 | S39: =(C39+D39+E39+F39+I39+G39+H39)*15688 -> 0
A40: 알로에베라하드 | B40: P00000CD | C40: 11 | E40: 18 | F40: 217 | J40: =SUM(C40:I40) -> 246 | K40: =C40*37800 -> 415800 | L40: =D40*27800 -> 0 | M40: =E40*27800 -> 500400 | N40: =F40*32130 -> 6972210 | P40: =H40*32130 -> 0 | R40: =SUM(K40:Q40) -> 7888410 | S40: =(C40+D40+E40+F40+I40+G40+H40)*15688 -> 3859248
A41: 아프리콧하드 | B41: P00000CF | C41: 1 | J41: =SUM(C41:I41) -> 1 | K41: =C41*37800 -> 37800 | L41: =D41*27800 -> 0 | M41: =E41*27800 -> 0 | N41: =F41*32130 -> 0 | P41: =H41*32130 -> 0 | R41: =SUM(K41:Q41) -> 37800 | S41: =(C41+D41+E41+F41+I41+G41+H41)*15688 -> 15688
J42: =SUM(C42:I42) -> 0
J43: =SUM(C43:I43) -> 0 | K43: =C43*36000 -> 0 | L43: =D43*28000 -> 0
A44: 1kg총합계 | C44: =SUM(C29:C43) -> 216 | D44: =SUM(D29:D43) -> 0 | E44: =SUM(E29:E43) -> 954 | F44: =SUM(F29:F43) -> 3704 | G44: =SUM(G29:G43) -> 1 | H44: =SUM(H29:H43) -> 0 | I44: =SUM(I29:I43) -> 0 | J44: =SUM(J29:J43) -> 4875 | K44: =SUM(K25:K43) -> 8354600 | L44: =SUM(L25:L43) -> 0 | M44: =SUM(M25:M43) -> 26980200 | N44: =SUM(N25:N43) -> 120791270 | O44: =SUM(O25:O43) -> 38920 | P44: =SUM(P25:P43) -> 0 | Q44: =SUM(Q25:Q43) -> 0 | R44: =SUM(R25:R43) -> 156164990 | S44: =SUM(S25:S43) -> 80848967
C45: 도매 | E45: 인증/마스터 | F45: 할인행사 | H45: 할인+증정 | J45: 합계
E46: P00000QF | F46: P00000VN | G46: 0.15
A47: 스트립왁스 | F47: P00000YU | G47: 바디스타터키트 | K47: 도매 | L47: 인증살롱/마스터 | N47: 할인 | O47: 세트할인 | P47: 할인+증정 | R47: 품목별합계 | S47: 원가
A48: S_라이코텍화이트스트립 | B48: P00000CQ | C48: 39 | E48: 50 | F48: 268 | J48: =SUM(C48:I48) -> 357 | K48: =C48*35700 -> 1392300 | L48: =D48*25400 -> 0 | M48: =E48*25400 -> 1270000 | N48: =F48*29500 -> 7906000 | P48: =H48*29500 -> 0 | R48: =SUM(K48:Q48) -> 10568300 | S48: =(C48+D48+E48+F48+I48+H48+G48)*14155 -> 5053335
A49: S_라이코텍슈퍼베리스트립 | B49: P00000CL | C49: 6 | E49: 4 | F49: 52 | J49: =SUM(C49:I49) -> 62 | K49: =C49*35700 -> 214200 | L49: =D49*25400 -> 0 | M49: =E49*25400 -> 101600 | N49: =F49*29500 -> 1534000 | P49: =H49*29500 -> 0 | R49: =SUM(K49:Q49) -> 1849800 | S49: =(C49+D49+E49+F49+I49+H49+G49)*14155 -> 877610
A50: S_로제트스트립왁스 | B50: P00000CO | C50: 1 | J50: =SUM(C50:I50) -> 1 | K50: =C50*34700 -> 34700 | L50: =D50*25400 -> 0 | M50: =E50*25400 -> 0 | N50: =F50*29500 -> 0 | P50: =H50*29500 -> 0 | R50: =SUM(K50:Q50) -> 34700 | S50: =(C50+D50+E50+F50+I50+H50+G50)*13975 -> 13975
A51: S_맨니피코스트립 | B51: P00000CW | C51: 7 | F51: 87 | J51: =SUM(C51:I51) -> 94 | K51: =C51*34700 -> 242900 | L51: =D51*25400 -> 0 | M51: =E51*25400 -> 0 | N51: =F51*29500 -> 2566500 | P51: =H51*29500 -> 0 | R51: =SUM(K51:Q51) -> 2809400 | S51: =(C51+D51+E51+F51+I51+H51+G51)*13975 -> 1313650
A52: S_올리브스트립 | B52: P00000CN | J52: =SUM(C52:I52) -> 0 | K52: =C52*34700 -> 0 | L52: =D52*25400 -> 0 | M52: =E52*25400 -> 0 | N52: =F52*29500 -> 0 | P52: =H52*29500 -> 0 | R52: =SUM(K52:Q52) -> 0 | S52: =(C52+D52+E52+F52+I52+H52+G52)*13975 -> 0
A53: S_라이코플렉스바닐라스트립 | B53: P00000CM | C53: 3 | F53: 37 | G53: 1 | J53: =SUM(C53:I53) -> 41 | K53: =C53*34700 -> 104100 | L53: =D53*25400 -> 0 | M53: =E53*25400 -> 0 | N53: =F53*29500 -> 1091500 | O53: =G53*27760 -> 27760 | P53: =H53*29500 -> 0 | R53: =SUM(K53:Q53) -> 1223360 | S53: =(C53+D53+E53+F53+I53+H53+G53)*13975 -> 572975
A54: S_소베리딜리셔스 | B54: P00000CT | C54: 10 | F54: 94 | J54: =SUM(C54:I54) -> 104 | K54: =C54*34700 -> 347000 | L54: =D54*25400 -> 0 | M54: =E54*25400 -> 0 | N54: =F54*29500 -> 2773000 | P54: =H54*29500 -> 0 | R54: =SUM(K54:Q54) -> 3120000 | S54: =(C54+D54+E54+F54+I54+H54+G54)*13975 -> 1453400
A55: S_아쥴렌스트립 | B55: P00000CU | J55: =SUM(C55:I55) -> 0 | K55: =C55*34700 -> 0 | L55: =D55*25400 -> 0 | M55: =E55*25400 -> 0 | N55: =F55*29500 -> 0 | P55: =H55*29500 -> 0 | R55: =SUM(K55:Q55) -> 0 | S55: =(C55+D55+E55+F55+I55+H55+G55)*13975 -> 0
A56: S_액티브골드스트립 | B56: P00000CP | C56: 15 | E56: 18 | F56: 91 | J56: =SUM(C56:I56) -> 124 | K56: =C56*34700 -> 520500 | L56: =D56*25400 -> 0 | M56: =E56*25400 -> 457200 | N56: =F56*29500 -> 2684500 | P56: =H56*29500 -> 0 | R56: =SUM(K56:Q56) -> 3662200 | S56: =(C56+D56+E56+F56+I56+H56+G56)*13434 -> 1665816
A57: S_알로에베라스트립 | B57: P00000CS | C57: 10 | F57: 86 | J57: =SUM(C57:I57) -> 96 | K57: =C57*34700 -> 347000 | L57: =D57*25400 -> 0 | M57: =E57*25400 -> 0 | N57: =F57*29500 -> 2537000 | P57: =H57*29500 -> 0 | R57: =SUM(K57:Q57) -> 2884000 | S57: =(C57+D57+E57+F57+I57+H57+G57)*13975 -> 1341600
A58: S_아프리콧스트립 | B58: P00000CR | C58: 4 | E58: 18 | F58: 19 | J58: =SUM(C58:I58) -> 41 | K58: =C58*34700 -> 138800 | L58: =D58*25400 -> 0 | M58: =E58*25400 -> 457200 | N58: =F58*29500 -> 560500 | P58: =H58*29500 -> 0 | R58: =SUM(K58:Q58) -> 1156500 | S58: =(C58+D58+E58+F58+I58+H58+G58)*13434 -> 550794
J59: =SUM(C59:I59) -> 0
A60: 총합계 | C60: =SUM(C48:C59) -> 95 | D60: =SUM(D48:D59) -> 0 | E60: =SUM(E48:E59) -> 90 | F60: =SUM(F48:F59) -> 734 | H60: =SUM(H48:H59) -> 0 | I60: =SUM(I48:I59) -> 0 | J60: =SUM(J48:J59) -> 920 | K60: =SUM(K48:K59) -> 3341500 | L60: =SUM(L48:L59) -> 0 | M60: =SUM(M48:M59) -> 2286000 | N60: =SUM(N48:N59) -> 21653000 | O60: =SUM(O48:O59) -> 27760 | ... S60: =SUM(S48:S59) -> 12843155
C61: 도매 | E61: 인증/마스터
E62: P00000QG | F62: 할인행사 | J62: 합계
E63: P00000QH
C64: 5종미니 | E64: P00000UF | F64: P00000YU | G64: 바디스타터키트
E65: P00000WZ
A66: 전후처리제 | I66: 증정 | K66: 도매 | L66: 인증살롱/마스터 | N66: 할인 | O66: 세트할인 | P66: 할인+증정 | R66: 품목별합계 | S66: 원가
A67: 라이코텐스킨클렌저500 | B67: P00000BP | C67: 134 | J67: =SUM(C67:I67) -> 134 | K67: =C67*25200 -> 3376800 | L67: =D67*21000 -> 0 | M67: =E67*21000 -> 0 | R67: =SUM(K67:Q67) -> 3376800 | S67: =(C67+D67+E67+F67+I67+G67+H67)*7032 -> 942288
A68: 스킨클렌저1000 | B68: P0000BAJ | C68: 7 | E68: 39 | J68: =SUM(C68:I68) -> 46 | K68: =C68*47000 -> 329000 | L68: =D68*39600 -> 0 | M68: =E68*39600 -> 1544400 | R68: =SUM(K68:Q68) -> 1873400 | S68: =(C68+D68+E68+F68+I68+G68+H68)*11631 -> 535026
A69: 프리왁싱오일500 | B69: P00000BQ | C69: 94 | J69: =SUM(C69:I69) -> 94 | K69: =C69*29400 -> 2763600 | L69: =D69*25000 -> 0 | M69: =E69*25000 -> 0 | R69: =SUM(K69:Q69) -> 2763600 | S69: =(C69+D69+E69+F69+I69+G69+H69)*8565 -> 805110
A70: 프리왁싱오일1000 | B70: P0000BAJ | C70: 2 | E70: 14 | J70: =SUM(C70:I70) -> 16 | K70: =C70*47000 -> 94000 | L70: =D70*39600 -> 0 | M70: =E70*39600 -> 554400 | R70: =SUM(K70:Q70) -> 648400 | S70: =(C70+D70+E70+F70+I70+G70+H70)*13073 -> 209168
A71: 티트리퍼팩오일 | B71: P00000BR | C71: 71 | J71: =SUM(C71:I71) -> 71 | K71: =C71*25200 -> 1789200 | L71: =D71*21000 -> 0 | M71: =E71*21000 -> 0 | R71: =SUM(K71:Q71) -> 1789200 | S71: =(C71+D71+E71+F71+I71+G71+H71)*7032 -> 499272
A72: 티트리수드로션500 | B72: P00000BS | C72: 31 | E72: 3 | J72: =SUM(C72:I72) -> 34 | K72: =C72*29400 -> 911400 | L72: =D72*25000 -> 0 | M72: =E72*25000 -> 75000 | R72: =SUM(K72:Q72) -> 986400 | S72: =(C72+D72+E72+F72+I72+G72+H72)*8565 -> 291210
A73: 티트리수드1000 | B73: P0000BAJ | E73: 5 | J73: =SUM(C73:I73) -> 5 | K73: =C73*47000 -> 0 | L73: =D73*39600 -> 0 | M73: =E73*39600 -> 198000 | R73: =SUM(K73:Q73) -> 198000 | S73: =(C73+D73+E73+F73+I73+G73+H73)*13073 -> 65365
A74: 수딩크림500 | B74: P00000KP | C74: 4 | J74: =SUM(C74:I74) -> 4 | K74: =C74*29400 -> 117600 | L74: =D74*25000 -> 0 | M74: =E74*25000 -> 0 | R74: =SUM(K74:Q74) -> 117600 | S74: =(C74+D74+E74+F74+I74+G74+H74)*8926 -> 35704
A75: 왁스솔벤트500 | B75: P00000BT | J75: =SUM(C75:I75) -> 0 | K75: =C75*25200 -> 0 | L75: =D75*21000 -> 0 | M75: =E75*21000 -> 0 | R75: =SUM(K75:Q75) -> 0 | S75: =(C75+D75+E75+F75+I75+G75+H75)*7032 -> 0
A76: 왁스솔벤트1L | B76: P0000BMW | C76: 36 | E76: 3 | J76: =SUM(C76:I76) -> 39 | K76: =C76*47000 -> 1692000 | L76: =D76*39600 -> 0 | M76: =E76*39600 -> 118800 | R76: =SUM(K76:Q76) -> 1810800 | S76: =(C76+D76+E76+F76+I76+G76+H76)*11631 -> 453609
A77: 핑키니스킨500 | B77: P00000PN | C77: 10 | E77: 27 | J77: =SUM(C77:I77) -> 37 | K77: =C77*29400 -> 294000 | L77: =D77*25000 -> 0 | M77: =E77*25000 -> 675000 | R77: =SUM(K77:Q77) -> 969000 | S77: =(C77+D77+E77+F77+I77+G77+H77)*8926 -> 330262
A78: 핑키니프리500 | B78: P00000PN | C78: 12 | E78: 15 | J78: =SUM(C78:I78) -> 27 | K78: =C78*29400 -> 352800 | L78: =D78*25000 -> 0 | M78: =E78*25000 -> 375000 | R78: =SUM(K78:Q78) -> 727800 | S78: =(C78+D78+E78+F78+I78+G78+H78)*8926 -> 241002
A79: 핑키니피니싱500 | B79: P00000PN | C79: 3 | J79: =SUM(C79:I79) -> 3 | K79: =C79*29400 -> 88200 | L79: =D79*25000 -> 0 | M79: =E79*25000 -> 0 | R79: =SUM(K79:Q79) -> 88200 | S79: =(C79+D79+E79+F79+I79+G79+H79)*8926 -> 26778
A80: 미니전후처리제5종세트125 | B80: P00000BU | C80: 8 | E80: 1 | F80: 1 | J80: =SUM(C80:I80) -> 10 | K80: =C80*47000 -> 376000 | L80: =D80*35200 -> 0 | M80: =E80*35200 -> 35200 | O80: =F80*37600 -> 37600 | R80: =SUM(K80:Q80) -> 448800 | S80: =(C80+D80+E80+F80+I80+G80+H80)*18934 -> 189340
A81: 맨니피코스킨클렌저250 | B81: P00000XD | C81: 1 | J81: =SUM(C81:I81) -> 1 | K81: =C81*16800 -> 16800 | L81: =D81*12100 -> 0 | M81: =E81*12100 -> 0 | O81: =F81*9000 -> 0 | R81: =SUM(K81:Q81) -> 16800 | S81: =(C81+D81+E81+F81+I81+G81+H81)*5319 -> 5319
A82: 맨니피코더블액션오일250 | B82: P00000XD | C82: 1 | J82: =SUM(C82:I82) -> 1 | K82: =C82*16800 -> 16800 | L82: =D82*12100 -> 0 | M82: =E82*12100 -> 0 | O82: =F82*9000 -> 0 | R82: =SUM(K82:Q82) -> 16800 | S82: =(C82+D82+E82+F82+I82+G82+H82)*5319 -> 5319
A83: 맨니피코피니싱로션250 | B83: P00000XD | C83: 2 | J83: =SUM(C83:I83) -> 2 | K83: =C83*16800 -> 33600 | L83: =D83*12100 -> 0 | M83: =E83*12100 -> 0 | O83: =F83*9000 -> 0 | R83: =SUM(K83:Q83) -> 33600 | S83: =(C83+D83+E83+F83+I83+G83+H83)*5319 -> 10638
C84: 도매 | E84: 인증/마스터 | F84: 할인행사 | H84: 증정행사 | J84: 합계 | K84: =SUM(K67:K83) -> 12251800 | L84: =SUM(L67:L83) -> 0 | M84: =SUM(M67:M83) -> 3575800 | N84: =SUM(N67:N83) -> 0 | O84: =SUM(O67:O83) -> 37600 | P84: =SUM(P67:P83) -> 0 | Q84: =SUM(Q67:Q83) -> 0 | R84: =SUM(R67:R83) -> 15865200 | S84: =SUM(S67:S83) -> 4645410
E85: P00000QP | F85: P00000VP | G85: 라2,코코3
A86: 슈거스크럽 | E86: P00000QQ | F86: 미니묶음 | G86: 석3,자2 | K86: 도매 | L86: 인증살롱/마스터 | N86: 할인 | O86: 세트할인 | P86: 할인+증정 | Q86: 증정 | R86: 품목별합계 | S86: 도매,마스터원가
A87: 슈가스크럽자몽520 | B87: P00000BN | C87: 114 | E87: 20 | J87: =SUM(C87:I87) -> 134 | K87: =C87*18900 -> 2154600 | L87: =D87*15400 -> 0 | M87: =E87*15400 -> 308000 | P87: =H87*18000 -> 0 | R87: =SUM(K87:Q87) -> 2462600 | S87: =J87*7734 -> 1036356
A88: 슈가스크럽석류520 | B88: P00000BN | C88: 72 | E88: 3 | J88: =SUM(C88:I88) -> 75 | K88: =C88*18900 -> 1360800 | L88: =D88*15400 -> 0 | M88: =E88*15400 -> 46200 | P88: =H88*18000 -> 0 | R88: =SUM(K88:Q88) -> 1407000 | S88: =J88*7734 -> 580050
A89: 슈가스크럽라벤다520. | B89: P00000BN | C89: 93 | E89: 17 | J89: =SUM(C89:I89) -> 110 | K89: =C89*18900 -> 1757700 | L89: =D89*15400 -> 0 | M89: =E89*15400 -> 261800 | P89: =H89*18000 -> 0 | R89: =SUM(K89:Q89) -> 2019500 | S89: =J89*7734 -> 850740
A90: 슈가스크럽코코넛&바닐라520 | B90: P00000BN | C90: 83 | E90: 1 | J90: =SUM(C90:I90) -> 84 | K90: =C90*18900 -> 1568700 | L90: =D90*15400 -> 0 | M90: =E90*15400 -> 15400 | P90: =H90*18000 -> 0 | R90: =SUM(K90:Q90) -> 1584100 | S90: =J90*7734 -> 649656
A91: 슈가스크럽애플520 | B91: P00000BN | C91: 52 | E91: 6 | J91: =SUM(C91:I91) -> 58 | K91: =C91*18900 -> 982800 | L91: =D91*15400 -> 0 | M91: =E91*15400 -> 92400 | P91: =H91*18000 -> 0 | R91: =SUM(K91:Q91) -> 1075200 | S91: =J91*7734 -> 448572
A92: 슈가스크럽망고520 | B92: P00000BN | C92: 39 | E92: 9 | J92: =SUM(C92:I92) -> 48 | K92: =C92*18900 -> 737100 | L92: =D92*15400 -> 0 | M92: =E92*15400 -> 138600 | P92: =H92*18000 -> 0 | R92: =SUM(K92:Q92) -> 875700 | S92: =J92*7734 -> 371232
A93: 자몽스크럽100 | B93: P00000OG | C93: 88 | E93: 32 | F93: 430 | J93: =SUM(C93:I93) -> 550 | K93: =C93*8400 -> 739200 | L93: =D93*6600 -> 0 | M93: =E93*6600 -> 211200 | N93: =F93*6720 -> 2889600 | R93: =SUM(K93:Q93) -> 3840000 | S93: =J93*2880 -> 1584000
A94: 석류스크럽100 | B94: P00000OG | C94: 58 | E94: 32 | F94: 860 | J94: =SUM(C94:I94) -> 950 | K94: =C94*8400 -> 487200 | L94: =D94*6600 -> 0 | M94: =E94*6600 -> 211200 | N94: =F94*6720 -> 5779200 | R94: =SUM(K94:Q94) -> 6477600 | S94: =J94*2880 -> 2736000
A95: 라벤더스크럽100 | B95: P00000OG | C95: 113 | E95: 28 | F95: 860 | J95: =SUM(C95:I95) -> 1001 | K95: =C95*8400 -> 949200 | L95: =D95*6600 -> 0 | M95: =E95*6600 -> 184800 | N95: =F95*6720 -> 5779200 | R95: =SUM(K95:Q95) -> 6913200 | S95: =J95*2880 -> 2882880
A96: 코코넛스크럽100 | B96: P00000OG | C96: 76 | E96: 15 | J96: =SUM(C96:I96) -> 91 | K96: =C96*8400 -> 638400 | L96: =D96*6600 -> 0 | M96: =E96*6600 -> 99000 | N96: =F96*6720 -> 0 | R96: =SUM(K96:Q96) -> 737400 | S96: =J96*2880 -> 262080
A97: 애플스크럽100 | B97: P00000OG | C97: 81 | E97: 22 | J97: =SUM(C97:I97) -> 103 | K97: =C97*8400 -> 680400 | L97: =D97*6600 -> 0 | M97: =E97*6600 -> 145200 | N97: =F97*6720 -> 0 | R97: =SUM(K97:Q97) -> 825600 | S97: =J97*2880 -> 296640
A98: 망고스크럽100 | B98: P00000OG | C98: 46 | E98: 21 | J98: =SUM(C98:I98) -> 67 | K98: =C98*8400 -> 386400 | L98: =D98*6600 -> 0 | M98: =E98*6600 -> 138600 | N98: =F98*6720 -> 0 | R98: =SUM(K98:Q98) -> 525000 | S98: =J98*2880 -> 192960
A99: 520g합계 | C99: =SUM(C87:C98) -> 915 | E99: =SUM(E87:E98) -> 206 | F99: =SUM(F87:F92) -> 0 | G99: =SUM(G87:G92) -> 0 | H99: =SUM(H87:H92) -> 0 | I99: =SUM(I87:I92) -> 0 | J99: =SUM(J87:J92) -> 509 | K99: =SUM(K87:K92) -> 8561700 | L99: =SUM(L87:L92) -> 0 | M99: =SUM(M87:M92) -> 862400 | ... Q99: =SUM(Q87:Q92) -> 0
A100: 미니100ml합계 | C100: =SUM(C94:C98) -> 374 | E100: =SUM(E94:E98) -> 118 | F100: =SUM(F94:F98) -> 1720 | H100: =SUM(H94:H98) -> 0 | I100: =SUM(I87:I92) -> 0 | J100: =SUM(J94:J98) -> 2212 | K100: =SUM(K94:K98) -> 3141600 | L100: =SUM(L94:L98) -> 0 | M100: =SUM(M94:M98) -> 778800 | N100: =SUM(N94:N98) -> 11558400 | O100: =SUM(O94:O98) -> 0 | P100: =SUM(P94:P98) -> 0
...

Sheet 상품코드_4월-NEW1
E4: 인증/마스터
D6: 도매 | E6: P00000QE | J6: P00000QD | W6: P0000BLR | AD6: P0000BLA | AK6: P00000ZC | AO6: P00000YZ | AS6: P00000VM | BE6: P00000YS | BF6: P00000YU
E7: 하드왁스500g 24개 | J7: 하드왁스15개 | W7: 비즈 왁스 4종 | AD7: 비즈 왁스 4종 | AK7: 라이콘 컵 왁스 비즈 110g 5개 이상 10% (로제트 / 라벤더 / 하이브리드 / 핑키니) | AO7: 라이콘 컵 왁스 비즈 110g 세트 (로제트 / 라벤더 / 하이브리드 / 핑키니) | AS7: [묶음할인 15%] 하드왁스 1Kg 5개이상 | BE7: 제모미인 페이스왁싱 스타터 키트 20%할인 | BF7: 라이콘 바디왁싱 스타터 키트20%할인
A8: 하드왁스 | E8: G | F8: H | G8: I | H8: J | I8: K | J8: CI | K8: CJ | L8: CK | M8: CL | N8: CM | O8: CN | P8: CO | Q8: CP | R8: CQ | S8: CR | T8: CS | U8: CT | V8: CU | W8: Q | X8: R | Y8: S | Z8: T | AA8: U | AB8: V | AC8: W | AD8: J | AE8: K | AF8: L | AG8: M | AH8: N | AI8: O | AJ8: P | AK8: A | AL8: B | AM8: C | AN8: D | AO8: D | AP8: E | AQ8: H | AR8: I | AS8: CW | AT8: CX | AU8: CY | AV8: CZ | AW8: DA | AX8: DB | AY8: DC | AZ8: DD | BA8: DE | BB8: DF | BC8: DG | BD8: DH | BE8: - | BF8: -
A9: P00000HT | B9: - | C9: 라이코젯아이브로우500 | D9: 75 | BE9: 2 | BG9: =SUM(D9:BF9) -> 77
A10: P00000BV | B10: - | C10: 라이코드림하이브리드500 | D10: 5 | BG10: =SUM(D10:BF10) -> 5
A11: P00000CB | B11: - | C11: 라이코넥화이트500 | D11: 5 | BG11: =SUM(D11:BF11) -> 5
A12: P00000BX | B12: - | C12: 라이코텍슈퍼베리500 | H12: 24 | BG12: =SUM(D12:BF12) -> 24
A13: P00000XE | B13: - | C13: 맨니피코하이브리드500 | D13: 6 | BG13: =SUM(D13:BF13) -> 6
A14: P0000BIF | B14: CI | C14: 라이코젯라벤다비즈800 | D14: 1 | BG14: =SUM(D14:BF14) -> 1
B15: CJ | C15: 로제트비즈800 | D15: 3 | BG15: =SUM(D15:BF15) -> 3
B16: CK | C16: 핑키니하이브리드비즈800 | D16: 8 | BG16: =SUM(D16:BF16) -> 8
B17: CL | C17: 라이코젯라벤다비즈5kg | D17: 1 | Z17: 2 | BG17: =SUM(D17:BF17) -> 3
B18: CM | C18: 로제트비즈5kg | D18: 2 | BG18: =SUM(D18:BF18) -> 2
B19: CN | C19: 라이코드림하이브리드비즈5kg | D19: 2 | Y19: 1 | BG19: =SUM(D19:BF19) -> 3
B20: CO | C20: 핑키니하이브리드비즈5kg | D20: 9 | AC20: 3 | BG20: =SUM(D20:BF20) -> 12
A21: P0000BLD | B21: F | C21: 라이코드림하이브리드비즈800 | BG21: =SUM(D21:BF21) -> 0
B22: G | C22: 라이코젯 라벤더 비즈 왁스 800g | BG22: =SUM(D22:BF22) -> 0
B23: H | C23: 로제트 비즈 왁스 800g | BG23: =SUM(D23:BF23) -> 0
B24: I | C24: 핑키니 하이브리드 비즈 왁스 800g | BG24: =SUM(D24:BF24) -> 0
A25: P0000BMJ | B25: - | C25: 선샤인 비즈왁스 800g (1박스 18개) | D25: 4 | BG25: =SUM(D25:BF25) -> 4
A26: P0000BMI | B26: - | C26: 선샤인비즈왁스800 | D26: 30 | BG26: =SUM(D26:BF26) -> 30
A27: 500g총합계 | D27: =SUM(D9:D26) -> 151 | E27: =SUM(E9:E26) -> 0 | F27: =SUM(F9:F26) -> 0 | G27: =SUM(G9:G26) -> 0 | H27: =SUM(H9:H26) -> 24 | I27: =SUM(I9:I26) -> 0 | J27: =SUM(J9:J26) -> 0 | K27: =SUM(K9:K26) -> 0 | ... BG27: =SUM(BG9:BG26) -> 183
A28: P00000ZB | B28: A | C28: 라이콘컵왁스비즈(로제트) | D28: 2 | AO28: 1 | BG28: =SUM(D28:BF28) -> 3
B29: B | C29: 라이콘컵왁스비즈(라벤다) | D29: 6 | AP29: 1 | BG29: =SUM(D29:BF29) -> 7
B30: C | C30: 라이콘컵왁스비즈(하이브리드) | D30: 1 | AM30: 5 | BG30: =SUM(D30:BF30) -> 6
B31: D | C31: 라이콘컵왁스비즈(핑키니) | D31: 6 | AN31: 7 | BG31: =SUM(D31:BF31) -> 13
A32: P00000UH | B32: - | C32: 핑키니하이브리드하드 | D32: 44 | V32: 153 | BD32: 917 | BG32: =SUM(D32:BF32) -> 1114
A33: P00000TI | B33: - | C33: 루비하드 | D33: 58 | U33: 312 | AS33: 773 | BG33: =SUM(D33:BF33) -> 1143
A34: P00000BY | B34: - | C34: 라이코젯데저트하드 | D34: 31 | S34: 104 | AU34: 670 | BG34: =SUM(D34:BF34) -> 805
A35: P00000BZ | B35: - | C35: 라이코젯라벤더하드 | D35: 15 | T35: 93 | AY35: 216 | BG35: =SUM(D35:BF35) -> 324
A36: P00000CH | B36: - | C36: 로즈퓨어하드 | D36: 11 | Q36: 100 | AV36: 1 | AX36: 268 | BG36: =SUM(D36:BF36) -> 380
A37: P00000CG | B37: - | C37: 맨니피코하드 | D37: 27 | M37: 104 | AW37: 419 | BG37: =SUM(D37:BF37) -> 550
A38: P00000CA | B38: - | C38: 올리브하드 | BG38: =SUM(D38:BF38) -> 0
A39: P00000BW | B39: - | C39: 라이코플렉스바닐라하드 | D39: 7 | O39: 9 | BD39: 43 | BG39: =SUM(D39:BF39) -> 59
A40: P00000CI | B40: - | C40: 소베리딜리셔스하드 | D40: 6 | R40: 50 | BA40: 135 | BG40: =SUM(D40:BF40) -> 191
A41: P00000CE | B41: - | C41: 아쥴렌하드 | D41: 5 | K41: 11 | AZ41: 46 | BG41: =SUM(D41:BF41) -> 62
A42: P00000KH | B42: - | C42: 액티브골드 | BG42: =SUM(D42:BF42) -> 0
A43: P00000CD | B43: - | C43: 알로에베라하드 | D43: 11 | P43: 18 | AT43: 217 | BG43: =SUM(D43:BF43) -> 246
A44: P00000CF | B44: - | C44: 아프리콧하드 | D44: 1 | BG44: =SUM(D44:BF44) -> 1
A45: 1kg총합계 | D45: =SUM(D32:D44) -> 216 | E45: =SUM(E32:E44) -> 0 | F45: =SUM(F32:F44) -> 0 | G45: =SUM(G32:G44) -> 0 | H45: =SUM(H32:H44) -> 0 | I45: =SUM(I32:I44) -> 0 | J45: =SUM(J32:J44) -> 0 | K45: =SUM(K32:K44) -> 11 | ... BG45: =SUM(BG32:BG44) -> 4875
